Customer_ID,Customer_Name,Max_Sanction_Match_Probability,Top_Matched_Sanctioned_Entity,Sanction_Alert_Flag
CUST00004,SAVELYEV OLEG GENRIKHOVICH,0.00033646467884608977,SANCTIONED PERSON 1,OK
CUST00035,SEMISOTOV NIKOLAI PETROVICH,0.00033646467884608977,SANCTIONED PERSON 1,OK
CUST00041,SANATI DARYAEE IRAN,0.00033646467884608977,SANCTIONED PERSON 1,OK
CUST00044,SULEIMAN NA'EEM JASEM,0.00033646467884608977,SANCTIONED PERSON 1,OK
CUST00047,SBU,0.00033646467884608977,SANCTIONED PERSON 1,OK
CUST00059,SON CHOL-JU,0.00033646467884608977,SANCTIONED PERSON 1,OK
CUST00077,SANHAJI ABOU ABDERAHMANE,0.00033646467884608977,SANCTIONED PERSON 1,OK
CUST00101,SUPREME COUNCIL OF CYBER SPACE,0.00033646467884608977,SANCTIONED PERSON 1,OK
CUST00103,SS TECHNIQUES COMPANY LIMITED,0.0027503120714242177,SANCTIONED PERSON 1,OK
CUST00114,SALIM ALI,0.0027503120714242177,SANCTIONED PERSON 1,OK
CUST00122,SAIYID ABDUL MAN'AM,0.00033646467884608977,SANCTIONED PERSON 1,OK
CUST00125,SANAYE ELECTRONIK E IRAN,0.0027503120714242177,SANCTIONED PERSON 1,OK
CUST00138,SCIENTIFIC AND PRODUCTION ASSOCIATION IZHEVSK UNMANNED SYSTEMS,0.0027503120714242177,SANCTIONED PERSON 1,OK
CUST00149,STEPANOV ALEXANDER MIKHAILOVICH,0.00033646467884608977,SANCTIONED PERSON 1,OK
CUST00151,SHEVTSOV VADIM GHEORGHIEVICI,0.00033646467884608977,SANCTIONED PERSON 1,OK
CUST00165,SHANGHAI DONGFENG SHIPPING CO LTD,0.00033646467884608977,SANCTIONED PERSON 1,OK
CUST00178,STANKEVICH YURY ARKADIEVICH,0.0027503120714242177,SANCTIONED PERSON 1,OK
CUST00180,Sa'eED MAHMOUD IBRAHEEM,0.00033646467884608977,SANCTIONED PERSON 1,OK
CUST00206,STRELCHUK NATALIA IVANOVNA,0.0027503120714242177,SANCTIONED PERSON 1,OK
CUST00207,SHAMALOV YURI NIKOLAYEVICH,0.0027503120714242177,SANCTIONED PERSON 1,OK
CUST00213,SBU,0.00033646467884608977,SANCTIONED PERSON 1,OK
CUST00225,SAM MA 2,0.00033646467884608977,SANCTIONED PERSON 1,OK
CUST00245,SARA IMAD ABULLAH,0.00033646467884608977,SANCTIONED PERSON 1,OK
CUST00248,SHULEYKO YURI VITOLDOVICH,0.0027503120714242177,SANCTIONED PERSON 1,OK
CUST00255,SIMONENKO SERGEI,0.00033646467884608977,SANCTIONED PERSON 1,OK
CUST00266,STRELKOV IGOR,0.0027503120714242177,SANCTIONED PERSON 1,OK
CUST00278,SHAM HOLDING COMPANY SAL,0.0027503120714242177,SANCTIONED PERSON 1,OK
CUST00281,SALMAN AMEER,0.00033646467884608977,SANCTIONED PERSON 1,OK
CUST00287,SIAL ABDUL SAMAD,0.00033646467884608977,SANCTIONED PERSON 1,OK
CUST00288,"SINNO ELECTRONIC CO., LTD",0.00033646467884608977,SANCTIONED PERSON 1,OK
CUST00294,SALEM AHMED,0.0027503120714242177,SANCTIONED PERSON 1,OK
CUST00297,SILVA SHAVENDRA LOKUGAN HEWAGE CHANDANA,0.00033646467884608977,SANCTIONED PERSON 1,OK
CUST00301,SAINT JOYAGE,0.00033646467884608977,SANCTIONED PERSON 1,OK
CUST00314,SHAPOVALOV OLEG GEORGEVICH,0.00033646467884608977,SANCTIONED PERSON 1,OK
CUST00317,SALLEH MAMA,0.00033646467884608977,SANCTIONED PERSON 1,OK
CUST00319,SIMONENKO SERGEI,0.00033646467884608977,SANCTIONED PERSON 1,OK
CUST00323,SALME ADIB NIMR,0.0027503120714242177,SANCTIONED PERSON 1,OK
CUST00328,SMAL ANDREI FYODOROVICH,0.00033646467884608977,SANCTIONED PERSON 1,OK
CUST00331,STEP STANDART TEKNYK PARCA SAN. VE TYC. A.S.,0.00033646467884608977,SANCTIONED PERSON 1,OK
CUST00333,SOLDIERS OF AQSA,0.00033646467884608977,SANCTIONED PERSON 1,OK
CUST00344,SVIRIDENKO OLEG MIKHAILOVICH,0.00033646467884608977,SANCTIONED PERSON 1,OK
CUST00375,SPECIAL RESPONSE UNIT CHECHNYA,0.0027503120714242177,SANCTIONED PERSON 1,OK
CUST00376,SIMANOVSKY LEONID YAKOVLEVICH,0.00033646467884608977,SANCTIONED PERSON 1,OK
CUST00377,SAHIB AMIR ABDULLAH,0.00033646467884608977,SANCTIONED PERSON 1,OK
CUST00399,SADRA,0.0027503120714242177,SANCTIONED PERSON 1,OK
CUST00408,SHADAYEV MAXUT,0.00033646467884608977,SANCTIONED PERSON 1,OK
CUST00418,SAAD SAZEH FARAZ SHARIF,0.0027503120714242177,SANCTIONED PERSON 1,OK
CUST00426,SHUGAYEV DMITRY EVGENYEVICH,0.00033646467884608977,SANCTIONED PERSON 1,OK
CUST00430,SaVCHeNKO YEVGENY STEPANOVICH,0.00033646467884608977,SANCTIONED PERSON 1,OK
CUST00433,SIT TAING AUNG,0.0027503120714242177,SANCTIONED PERSON 1,OK
CUST00443,SABAH ZOHAR,0.00033646467884608977,SANCTIONED PERSON 1,OK
CUST00449,SHEBEL LUNA,0.0027503120714242177,SANCTIONED PERSON 1,OK
CUST00458,SIG,0.00033646467884608977,SANCTIONED PERSON 1,OK
CUST00479,SOULEIMAN ABOU,0.00033646467884608977,SANCTIONED PERSON 1,OK
CUST00483,SIDOROV ILIA VLADIMIROVICH,0.00033646467884608977,SANCTIONED PERSON 1,OK
CUST00484,STATE TRANSPORT LEASING COMPANY,0.0027503120714242177,SANCTIONED PERSON 1,OK
CUST00493,SHPEROV PAVEL VALENTINOVICH,0.00033646467884608977,SANCTIONED PERSON 1,OK
CUST00499,SHAHADE RAFEEQ,0.0027503120714242177,SANCTIONED PERSON 1,OK
CUST00510,SeMIGIN GENNaDY YURIEVICH,0.00033646467884608977,SANCTIONED PERSON 1,OK
CUST00515,SO SANG KUK,0.00033646467884608977,SANCTIONED PERSON 1,OK
CUST00520,Sa'D ABU,0.00033646467884608977,SANCTIONED PERSON 1,OK
CUST00540,SIDOROV ILIa VLADIMIROVICH,0.00033646467884608977,SANCTIONED PERSON 1,OK
CUST00543,SHONGOLE FUAD MUHAMMAD KHALAF,0.0027503120714242177,SANCTIONED PERSON 1,OK
CUST00544,SARMAD ELECTRONICS CO.,0.0027503120714242177,SANCTIONED PERSON 1,OK
CUST00551,SLIZHEUSKIY ALEH LEANIDAVICH,0.0027503120714242177,SANCTIONED PERSON 1,OK
CUST00558,SAHAB QARI,0.00033646467884608977,SANCTIONED PERSON 1,OK
CUST00579,SOFACY GROUP,0.00033646467884608977,SANCTIONED PERSON 1,OK
CUST00583,SHAHID BAKERI INDUSTRIAL GROUP,0.00033646467884608977,SANCTIONED PERSON 1,OK
CUST00586,SHARIF AMAR,0.00033646467884608977,SANCTIONED PERSON 1,OK
CUST00589,STONE PANDA,0.0027503120714242177,SANCTIONED PERSON 1,OK
CUST00645,STATE ADMINISTRATION COUNCIL,0.0027503120714242177,SANCTIONED PERSON 1,OK
CUST00647,SHEVTSOV VLADIMIR,0.00033646467884608977,SANCTIONED PERSON 1,OK
CUST00660,SaLYAeV ALEXEI MIKHAILOVICH,0.00033646467884608977,SANCTIONED PERSON 1,OK
CUST00673,SOVOKONENKO YURY,0.00033646467884608977,SANCTIONED PERSON 1,OK
CUST00683,SARKEES NAZIRA FARAH,0.00033646467884608977,SANCTIONED PERSON 1,OK
CUST00690,SHaDARI RAMAZANI,0.00033646467884608977,SANCTIONED PERSON 1,OK
CUST00694,SPECIAL RAPID RESPONSE UNIT CHECHNYA,0.00033646467884608977,SANCTIONED PERSON 1,OK
CUST00705,STREZHNEV DMITRIY STEPANOVICH,0.00033646467884608977,SANCTIONED PERSON 1,OK
CUST00713,SAEEDI ALI,0.0027503120714242177,SANCTIONED PERSON 1,OK
CUST00714,SHUBIN IGOR NIKOLAEVICH,0.00033646467884608977,SANCTIONED PERSON 1,OK
CUST00723,SHADURA VADIM EVGENIEVICH,0.00033646467884608977,SANCTIONED PERSON 1,OK
CUST00731,"SO CALLED ""DONBASS PEOPLEÂ€™S MILITIA""",0.00033646467884608977,SANCTIONED PERSON 1,OK
CUST00741,SOBAIR,0.00033646467884608977,SANCTIONED PERSON 1,OK
CUST00762,SIGMA AIRLINES,0.00033646467884608977,SANCTIONED PERSON 1,OK
CUST00773,SUNDUQ AL MASHREK AL ISTITHMARI,0.0027503120714242177,SANCTIONED PERSON 1,OK
CUST00788,SYTII DIMITRI,0.00033646467884608977,SANCTIONED PERSON 1,OK
CUST00824,SHADAYEV MAXUT,0.00033646467884608977,SANCTIONED PERSON 1,OK
CUST00826,STASHINA HELEN,0.00033646467884608977,SANCTIONED PERSON 1,OK
CUST00842,SOGLASIE INSURANCE COMPANY LIMITED,0.00033646467884608977,SANCTIONED PERSON 1,OK
CUST00851,SA'ID,0.00033646467884608977,SANCTIONED PERSON 1,OK
CUST00869,SIVOKONENKO YURY,0.0027503120714242177,SANCTIONED PERSON 1,OK
CUST00873,SOLODOVNIKOV IVAN ALEXANDROVICH,0.00033646467884608977,SANCTIONED PERSON 1,OK
CUST00874,SONG CHOL JANG,0.0027503120714242177,SANCTIONED PERSON 1,OK
CUST00882,SHATOKHIN ALEKSEY,0.00033646467884608977,SANCTIONED PERSON 1,OK
CUST00887,SHE KAILUN,0.00033646467884608977,SANCTIONED PERSON 1,OK
CUST00910,SMIRNOV aLeXANDER VLADIMIROVICH,0.00033646467884608977,SANCTIONED PERSON 1,OK
CUST00913,SMT-ILOGIC,0.00033646467884608977,SANCTIONED PERSON 1,OK
CUST00934,SHABUNYA VICTORIA VALERYEUNA,0.0027503120714242177,SANCTIONED PERSON 1,OK
CUST00983,SON YOUNG-NAM,0.0027503120714242177,SANCTIONED PERSON 1,OK
CUST00998,SCIENTIFIC AND PRODUCTION ASSOCIATION IZHEVSK UNMANNED SYSTEMS,0.0027503120714242177,SANCTIONED PERSON 1,OK
CUST01013,SORUH COMPANY,0.0027503120714242177,SANCTIONED PERSON 1,OK
CUST01018,STRATEGIC FORCES,0.00033646467884608977,SANCTIONED PERSON 1,OK
CUST01025,STANISHLAUCHYK VIKTAR IVANAVICH,0.00033646467884608977,SANCTIONED PERSON 1,OK
CUST01028,SADIKOV ALEKSEY LVOVICH,0.00033646467884608977,SANCTIONED PERSON 1,OK
CUST01041,SAAL FARED,0.0027503120714242177,SANCTIONED PERSON 1,OK
CUST01059,SIRHAN HALA,0.00033646467884608977,SANCTIONED PERSON 1,OK
CUST01063,SHARIRI BAHANEM,0.00033646467884608977,SANCTIONED PERSON 1,OK
CUST01065,SONG CHOL KIM,0.0027503120714242177,SANCTIONED PERSON 1,OK
CUST01114,"SUZHOU PARSUN POWER MACHINE CO., LTD.",0.0027503120714242177,SANCTIONED PERSON 1,OK
CUST01121,SHVIDLER EVGENY MARKOVICH,0.0027503120714242177,SANCTIONED PERSON 1,OK
CUST01125,SALEVATI ABUGHASEM,0.00033646467884608977,SANCTIONED PERSON 1,OK
CUST01126,SHISHANI UMAR,0.00033646467884608977,SANCTIONED PERSON 1,OK
CUST01129,SERGYAENKA IHAR PIATROVICH,0.0027503120714242177,SANCTIONED PERSON 1,OK
CUST01133,SHEVCHENKO IGOR SERGEIVICH,0.0027503120714242177,SANCTIONED PERSON 1,OK
CUST01165,SULTAN AHMED,0.00033646467884608977,SANCTIONED PERSON 1,OK
CUST01177,SAVELOV VLADIMIR VLADIMIROVICH,0.0027503120714242177,SANCTIONED PERSON 1,OK
CUST01197,SALAFIST GROUP FOR CALL AND COMBAT,0.00033646467884608977,SANCTIONED PERSON 1,OK
CUST01218,SALIM ABU,0.00033646467884608977,SANCTIONED PERSON 1,OK
CUST01226,STAN COMPANY,0.00033646467884608977,SANCTIONED PERSON 1,OK
CUST01227,SALMAAN ABU,0.00033646467884608977,SANCTIONED PERSON 1,OK
CUST01232,SHULIAKOVSKI ALEH MIKALAEVICH,0.0027503120714242177,SANCTIONED PERSON 1,OK
CUST01235,STRUKTURA NATIONAL TECHNOLOGIES,0.00033646467884608977,SANCTIONED PERSON 1,OK
CUST01236,SCIENTIFIC PRODUCTION ASSOCIATION IZHMASH JOINT STOCK COMPANY,0.00033646467884608977,SANCTIONED PERSON 1,OK
CUST01249,STEPANOV ALEXANDER MIKHAILOVICH,0.00033646467884608977,SANCTIONED PERSON 1,OK
CUST01255,SERYSHEV ANATOLY ANATOLYEVICH,0.00033646467884608977,SANCTIONED PERSON 1,OK
CUST01268,SHAHLAEE ABDUL-REZA,0.0027503120714242177,SANCTIONED PERSON 1,OK
CUST01272,SAD EXPORT IMPORT COMPANY,0.0027503120714242177,SANCTIONED PERSON 1,OK
CUST01284,STANISLAVCHIK VIKTAR IVANAVICH,0.00033646467884608977,SANCTIONED PERSON 1,OK
CUST01285,SABERI MUSTAFA ABDOLLAHI,0.00033646467884608977,SANCTIONED PERSON 1,OK
CUST01286,SHALEESH RIYAD,0.0027503120714242177,SANCTIONED PERSON 1,OK
CUST01307,SAFI JAWDAT IBRAHIM,0.00033646467884608977,SANCTIONED PERSON 1,OK
CUST01327,STATE-OWNED ENTERPRISE PERM POWDER PLANT,0.00033646467884608977,SANCTIONED PERSON 1,OK
CUST01329,SADRA,0.00033646467884608977,SANCTIONED PERSON 1,OK
CUST01340,SHaH AHMeD,0.00033646467884608977,SANCTIONED PERSON 1,OK
CUST01354,SHILKIN GRIGORY VLADIMIROVICH,0.00033646467884608977,SANCTIONED PERSON 1,OK
CUST01360,SaMAD ABDUL,0.00033646467884608977,SANCTIONED PERSON 1,OK
CUST01369,SARGSYAN ARMEN,0.0027503120714242177,SANCTIONED PERSON 1,OK
CUST01392,SKLYAR GENNADY IVANOVICH,0.00033646467884608977,SANCTIONED PERSON 1,OK
CUST01413,SCHILLER NOVIN,0.0027503120714242177,SANCTIONED PERSON 1,OK
CUST01424,SAHIB SHAYKH,0.00033646467884608977,SANCTIONED PERSON 1,OK
CUST01425,SHAABAN BOUTHANIA,0.00033646467884608977,SANCTIONED PERSON 1,OK
CUST01433,STATE UNITARY ENTERPRISE OF THE 'REPUBLIC OF CRIMEA' 'UNIVERSAL-AVIA',0.00033646467884608977,SANCTIONED PERSON 1,OK
CUST01465,SALIM OKOLU,0.00033646467884608977,SANCTIONED PERSON 1,OK
CUST01469,SAIDI ALI,0.00033646467884608977,SANCTIONED PERSON 1,OK
CUST01507,STRELKOV IGOR,0.0027503120714242177,SANCTIONED PERSON 1,OK
CUST01508,SUKHORUKOV OLEG GENNADIEVICH,0.0027503120714242177,SANCTIONED PERSON 1,OK
CUST01512,SALEH,0.00033646467884608977,SANCTIONED PERSON 1,OK
CUST01535,SAYID HAFIZ MOHAMMAD,0.0027503120714242177,SANCTIONED PERSON 1,OK
CUST01536,SIMATIC,0.00033646467884608977,SANCTIONED PERSON 1,OK
CUST01540,SHaLAI ABD-AL ReZA,0.00033646467884608977,SANCTIONED PERSON 1,OK
CUST01561,SAEED HAFIZ MUHAMMAD,0.0027503120714242177,SANCTIONED PERSON 1,OK
CUST01601,SA'D ABU,0.0027503120714242177,SANCTIONED PERSON 1,OK
CUST01603,SHVYTKIN YURY NIKOLAEVICH,0.0027503120714242177,SANCTIONED PERSON 1,OK
CUST01605,SHAHADAH RAFIQ,0.00033646467884608977,SANCTIONED PERSON 1,OK
CUST01611,SUKAR HUSSAM,0.00033646467884608977,SANCTIONED PERSON 1,OK
CUST01616,SAYYED SADUDDIN,0.00033646467884608977,SANCTIONED PERSON 1,OK
CUST01641,SVETLOV VYACHESLAV EVGENIEVICH,0.00033646467884608977,SANCTIONED PERSON 1,OK
CUST01648,SHADURA VADIM EVGENIEVICH,0.00033646467884608977,SANCTIONED PERSON 1,OK
CUST01656,SYTYI DMITRI,0.00033646467884608977,SANCTIONED PERSON 1,OK
CUST01667,STATE ENTERPRISE 'SEVASTOPOL COMMERCIAL SEAPORT',0.0027503120714242177,SANCTIONED PERSON 1,OK
CUST01692,SHAMSUDDIN PAHLAWAN,0.00033646467884608977,SANCTIONED PERSON 1,OK
CUST01714,SADRUDDIN,0.00033646467884608977,SANCTIONED PERSON 1,OK
CUST01718,SHAMMOUT ISSAM,0.0027503120714242177,SANCTIONED PERSON 1,OK
CUST01719,SCIENTIFIC RESEARCH INSTITUTE NO 6,0.00033646467884608977,SANCTIONED PERSON 1,OK
CUST01722,SAMIYAH ABU MAJID,0.00033646467884608977,SANCTIONED PERSON 1,OK
CUST01734,SHAHID BEHESHTI UNIVERSITY,0.00033646467884608977,SANCTIONED PERSON 1,OK
CUST01746,SALIAIEV OLEKSII MYKHAILOVYCH,0.00033646467884608977,SANCTIONED PERSON 1,OK
CUST01760,STRUKOV KONSTaNTIN IVANOVICH,0.00033646467884608977,SANCTIONED PERSON 1,OK
CUST01763,SALYAEV ALEKSEY MIKHAILOVICH,0.00033646467884608977,SANCTIONED PERSON 1,OK
CUST01771,SHARIF AMAR,0.00033646467884608977,SANCTIONED PERSON 1,OK
CUST01779,SHEPELEV ALIAKSANDR SVIATASLAVAVICH,0.00033646467884608977,SANCTIONED PERSON 1,OK
CUST01802,SHIHATA THARWAT SALAH,0.00033646467884608977,SANCTIONED PERSON 1,OK
CUST01810,STReZHNEV DMITRIY STEPaNOVICH,0.00033646467884608977,SANCTIONED PERSON 1,OK
CUST01818,STANDARD TECHNICAL COMPONENT INDUSTRY AND TRADE COMPANY,0.00033646467884608977,SANCTIONED PERSON 1,OK
CUST01843,SETA ABU,0.00033646467884608977,SANCTIONED PERSON 1,OK
CUST01857,SOYKO VICTOR VLADIMIROVICH,0.00033646467884608977,SANCTIONED PERSON 1,OK
CUST01858,SHONGOLE FUAD,0.0027503120714242177,SANCTIONED PERSON 1,OK
CUST01865,SARKISJAN ARMEN,0.00033646467884608977,SANCTIONED PERSON 1,OK
CUST01869,SHAMANOV VLADIMIR ANATOLIEVICH,0.0027503120714242177,SANCTIONED PERSON 1,OK
CUST01879,STEP STANDART TEKNIK PARCA SAN. VE TIC. A.S.,0.00033646467884608977,SANCTIONED PERSON 1,OK
CUST01897,SOVMESTNOE PREDPRIYATIE INTEGRAL SPB AO,0.0027503120714242177,SANCTIONED PERSON 1,OK
CUST01899,STANEX GROUP HOLDING,0.00033646467884608977,SANCTIONED PERSON 1,OK
CUST01905,SVISTUNOV ARKADY NIKOLAEVICH,0.00033646467884608977,SANCTIONED PERSON 1,OK
CUST01918,SALEH ABU,0.00033646467884608977,SANCTIONED PERSON 1,OK
CUST01943,SALMAN MUHAMMAD DA'UD,0.00033646467884608977,SANCTIONED PERSON 1,OK
CUST01945,STAUT DESIGN CENTER,0.00033646467884608977,SANCTIONED PERSON 1,OK
CUST01953,SHISHANI AKHMAD,0.0027503120714242177,SANCTIONED PERSON 1,OK
CUST01968,SAIYID ABDUL MAN'AM,0.00033646467884608977,SANCTIONED PERSON 1,OK
CUST01970,SeTH BaDA,0.00033646467884608977,SANCTIONED PERSON 1,OK
CUST01973,SHAHID BABAII INDUSTRIES CO,0.00033646467884608977,SANCTIONED PERSON 1,OK
CUST02028,SOLEIMANI GHOLAMREZA,0.00033646467884608977,SANCTIONED PERSON 1,OK
CUST02034,SHAHEED BEHESHTI UNIVERSITY,0.0027503120714242177,SANCTIONED PERSON 1,OK
CUST02038,"SHANGHAI NEW CHESS CO., LTD.",0.00033646467884608977,SANCTIONED PERSON 1,OK
CUST02043,SOROH AL CHAM COMPANY,0.00033646467884608977,SANCTIONED PERSON 1,OK
CUST02074,SOBOL,0.00033646467884608977,SANCTIONED PERSON 1,OK
CUST02104,SOLDIERS OF THE CALIPHATE IN THE LAND OF ALGERIA,0.00033646467884608977,SANCTIONED PERSON 1,OK
CUST02112,SALAME RAJA,0.00033646467884608977,SANCTIONED PERSON 1,OK
CUST02118,SHAKHES BEHBOOD SANAAT,0.00033646467884608977,SANCTIONED PERSON 1,OK
CUST02130,SIK CH'Oe CH'UN,0.00033646467884608977,SANCTIONED PERSON 1,OK
CUST02160,SaMIA ABU,0.00033646467884608977,SANCTIONED PERSON 1,OK
CUST02165,SECHIN IVAN IGOREVICH,0.0027503120714242177,SANCTIONED PERSON 1,OK
CUST02167,SOLDIERS OF THE CALIPHATE IN ALGERIA,0.00033646467884608977,SANCTIONED PERSON 1,OK
CUST02169,SAD EXPORT IMPORT COMPANY,0.0027503120714242177,SANCTIONED PERSON 1,OK
CUST02173,SALONGO ALI MOHAMMED,0.00033646467884608977,SANCTIONED PERSON 1,OK
CUST02184,SCIENTIFIC STUDIES AND RESEARCH CENTRE (SSRC),0.00033646467884608977,SANCTIONED PERSON 1,OK
CUST02188,SHAHADA RAFEEQ,0.0027503120714242177,SANCTIONED PERSON 1,OK
CUST02193,SPANIARD,0.0027503120714242177,SANCTIONED PERSON 1,OK
CUST02196,STATE UNITARY ENTERPRISE OF THE Â€˜REPUBLIC OF CRIMEAÂ€™ Â€˜PRODUCTION-AGRARIAN UNION Â€ŒMASSANDRAÂ€Â€™,0.00033646467884608977,SANCTIONED PERSON 1,OK
CUST02210,SHePELEV aLIAKSANDR SVIATASLAVAVICH,0.00033646467884608977,SANCTIONED PERSON 1,OK
CUST02214,SHAPUROVA ALYONA ALEXANDROVNA,0.00033646467884608977,SANCTIONED PERSON 1,OK
CUST02215,SHVED ANDREI IVANAVICH,0.0027503120714242177,SANCTIONED PERSON 1,OK
CUST02218,SITT TAING AUNG,0.0027503120714242177,SANCTIONED PERSON 1,OK
CUST02225,SPARTA BATTALION,0.00033646467884608977,SANCTIONED PERSON 1,OK
CUST02226,SAINT JOYAGE,0.0027503120714242177,SANCTIONED PERSON 1,OK
CUST02246,SOLDIERS OF ISLAM,0.00033646467884608977,SANCTIONED PERSON 1,OK
CUST02249,SHONGALE FUAD,0.00033646467884608977,SANCTIONED PERSON 1,OK
CUST02254,SARAFRAZ MOHAMMAD,0.00033646467884608977,SANCTIONED PERSON 1,OK
CUST02281,SALYAEV OLEKSII MYKHAILOVYCH,0.00033646467884608977,SANCTIONED PERSON 1,OK
CUST02284,SPVB,0.00033646467884608977,SANCTIONED PERSON 1,OK
CUST02297,SHAHIDKHEL SAID AHMED,0.0027503120714242177,SANCTIONED PERSON 1,OK
CUST02316,SHADARI RAMAZANI,0.0027503120714242177,SANCTIONED PERSON 1,OK
CUST02347,SARAGBA ALFRED YEKATOM,0.00033646467884608977,SANCTIONED PERSON 1,OK
CUST02352,SHESHENIA ALEXEI NIKOLAEVICH,0.0027503120714242177,SANCTIONED PERSON 1,OK
CUST02356,SAVELOV VLADIMIR VLADIMIROVICH,0.00033646467884608977,SANCTIONED PERSON 1,OK
CUST02363,SHAHADAH RAFEEQ,0.00033646467884608977,SANCTIONED PERSON 1,OK
CUST02412,SPEED ENERGY LLP,0.0027503120714242177,SANCTIONED PERSON 1,OK
CUST02419,SALAMI HOSEIN,0.00033646467884608977,SANCTIONED PERSON 1,OK
CUST02420,SaHIB HAFIZ MOHAMMAD,0.00033646467884608977,SANCTIONED PERSON 1,OK
CUST02437,SHIKISHIMA NO.17,0.00033646467884608977,SANCTIONED PERSON 1,OK
CUST02440,SHCHeGOLEV IGOR OLEGOVICH,0.00033646467884608977,SANCTIONED PERSON 1,OK
CUST02457,SARKEES NADIRA FARAH,0.00033646467884608977,SANCTIONED PERSON 1,OK
CUST02462,SUN SHIP MANAGEMENT (D) LTD,0.00033646467884608977,SANCTIONED PERSON 1,OK
CUST02463,SHAM AL-ISLAM,0.00033646467884608977,SANCTIONED PERSON 1,OK
CUST02467,SOCIETY OF ISLAMIC COOPERATION,0.00033646467884608977,SANCTIONED PERSON 1,OK
CUST02472,SADOVENKO YURIY EDUARDOVICH,0.00033646467884608977,SANCTIONED PERSON 1,OK
CUST02474,STELLA POLARIS,0.0027503120714242177,SANCTIONED PERSON 1,OK
CUST02497,SHULIAKOUSKI OLEG NIKOLAEVICH,0.0027503120714242177,SANCTIONED PERSON 1,OK
CUST02498,SURENA COMPANY,0.00033646467884608977,SANCTIONED PERSON 1,OK
CUST02503,SIMATIC,0.0027503120714242177,SANCTIONED PERSON 1,OK
CUST02514,SHAMALOVA EKATERINA VLADIMIROVNA,0.00033646467884608977,SANCTIONED PERSON 1,OK
CUST02525,STENYAKINA EKATERINA PETROVNA,0.0027503120714242177,SANCTIONED PERSON 1,OK
CUST02529,SHEYMAN VIKTOR VLADIMIROVICH,0.00033646467884608977,SANCTIONED PERSON 1,OK
CUST02530,SIKORSKIY aRTSIOM IGARAVICH,0.00033646467884608977,SANCTIONED PERSON 1,OK
CUST02531,SLAKHO ADNAN,0.00033646467884608977,SANCTIONED PERSON 1,OK
CUST02538,SARKISJAN ARMEN,0.00033646467884608977,SANCTIONED PERSON 1,OK
CUST02557,SALIM ALI,0.0027503120714242177,SANCTIONED PERSON 1,OK
CUST02562,STRIX,0.00033646467884608977,SANCTIONED PERSON 1,OK
CUST02568,SOUTH ASIAN CHAPTER OF ISIL,0.00033646467884608977,SANCTIONED PERSON 1,OK
CUST02571,SAMATOV TIMUR,0.0027503120714242177,SANCTIONED PERSON 1,OK
CUST02579,SHIRAZ ELECTRONIC INDUSTRIES,0.00033646467884608977,SANCTIONED PERSON 1,OK
CUST02584,SALLEH MAMA,0.0027503120714242177,SANCTIONED PERSON 1,OK
CUST02599,SCIENTIFIC AND PRODUCTION ASSOCIATION IZHEVSK UNMANNED SYSTEMS,0.0027503120714242177,SANCTIONED PERSON 1,OK
CUST02604,"SHANGHAI NIUQISHI INTERNATIONAL LOGISTICS CO., LTD.",0.00033646467884608977,SANCTIONED PERSON 1,OK
CUST02622,SHAMALOVA EKATERINA VLADIMIROVNA,0.00033646467884608977,SANCTIONED PERSON 1,OK
CUST02624,SANAM INDUSTRIAL PRODUCTION GROUP,0.0027503120714242177,SANCTIONED PERSON 1,OK
CUST02629,SANDWORM TEAM,0.00033646467884608977,SANCTIONED PERSON 1,OK
CUST02649,SHAHID AHMAD KAZEMI INDUSTRIAL GROUP (SAKIG),0.00033646467884608977,SANCTIONED PERSON 1,OK
CUST02658,SHAKHES BEHBOOD SANAAT,0.0027503120714242177,SANCTIONED PERSON 1,OK
CUST02666,SILVA SHAVENDRA LOKUGAN HEWAGE CHANDANA,0.00033646467884608977,SANCTIONED PERSON 1,OK
CUST02667,SHERIF AMAR,0.00033646467884608977,SANCTIONED PERSON 1,OK
CUST02676,SIDORENKO VALERIY VALERYEVICH,0.0027503120714242177,SANCTIONED PERSON 1,OK
CUST02680,SaHIB HAFIZ MOHAMMAD,0.00033646467884608977,SANCTIONED PERSON 1,OK
CUST02687,SHADURA VADIM EVGENIEVICH,0.00033646467884608977,SANCTIONED PERSON 1,OK
CUST02691,SULEIMAN NAEEM JASEM,0.00033646467884608977,SANCTIONED PERSON 1,OK
CUST02692,SEPASAD ENGINEERING COMPANY,0.00033646467884608977,SANCTIONED PERSON 1,OK
CUST02709,SAEED HAFEZ MOHAMMAD,0.00033646467884608977,SANCTIONED PERSON 1,OK
CUST02743,SHCHERBAKOV SERHII OLEKSIIVICH,0.00033646467884608977,SANCTIONED PERSON 1,OK
CUST02768,STATE ADMINISTRATION COUNCIL,0.00033646467884608977,SANCTIONED PERSON 1,OK
CUST02800,Sa'ID SAeED,0.00033646467884608977,SANCTIONED PERSON 1,OK
CUST02803,SIKORSKI ARTSIOM IGARAVICH,0.00033646467884608977,SANCTIONED PERSON 1,OK
CUST02810,SHeYMaN VIKTOR ULADIMIRAVICH,0.00033646467884608977,SANCTIONED PERSON 1,OK
CUST02815,SIBAI YASSER,0.0027503120714242177,SANCTIONED PERSON 1,OK
CUST02819,STEPANOVA OLGA GERMANOVNA,0.00033646467884608977,SANCTIONED PERSON 1,OK
CUST02821,SERGEENKO IGOR PETROVICH,0.00033646467884608977,SANCTIONED PERSON 1,OK
CUST02847,SOBOL ALEXANDR IVANOVICH,0.00033646467884608977,SANCTIONED PERSON 1,OK
CUST02849,SOLEIMANI GHOLAMREZA,0.00033646467884608977,SANCTIONED PERSON 1,OK
CUST02865,SHIROKOV ANATOLY IVANOVICH,0.00033646467884608977,SANCTIONED PERSON 1,OK
CUST02878,SHARIFF ABUBAKER,0.00033646467884608977,SANCTIONED PERSON 1,OK
CUST02882,SHADURA VADIM EVGENIEVICH,0.0027503120714242177,SANCTIONED PERSON 1,OK
CUST02904,SHAMALOVA EKATERINA VLADIMIROVNA,0.0027503120714242177,SANCTIONED PERSON 1,OK
CUST02906,SOLODOV VLADIMIR VIKTOROVICH,0.00033646467884608977,SANCTIONED PERSON 1,OK
CUST02913,SHAKAD SANAT ASMARI COMPANY,0.00033646467884608977,SANCTIONED PERSON 1,OK
CUST02921,SALEH ABU,0.0027503120714242177,SANCTIONED PERSON 1,OK
CUST02924,SPECIAL RESPONSE UNIT CHECHNYA,0.0027503120714242177,SANCTIONED PERSON 1,OK
CUST02938,SOYKO VICTOR VLADIMIROVICH,0.00033646467884608977,SANCTIONED PERSON 1,OK
CUST02943,SEIEI MARU,0.00033646467884608977,SANCTIONED PERSON 1,OK
CUST02945,SABER,0.00033646467884608977,SANCTIONED PERSON 1,OK
CUST02948,STEP STANDART TEKNIK PARCA SAN. VE TIC. A.S.,0.00033646467884608977,SANCTIONED PERSON 1,OK
CUST02967,SHARIATI SEYEED HASSAN,0.00033646467884608977,SANCTIONED PERSON 1,OK
CUST02974,SALIM OKOLU,0.00033646467884608977,SANCTIONED PERSON 1,OK
CUST02975,SECHIN IGOR,0.0027503120714242177,SANCTIONED PERSON 1,OK
CUST02989,SONG HYOK RI,0.00033646467884608977,SANCTIONED PERSON 1,OK
CUST02993,SOBYANIN SERGEI SEMYONOVICH,0.0027503120714242177,SANCTIONED PERSON 1,OK
CUST02995,SULIMOV UMAR,0.0027503120714242177,SANCTIONED PERSON 1,OK
CUST03007,SATAR ABDUL,0.00033646467884608977,SANCTIONED PERSON 1,OK
CUST03013,SA'AD ABDEL-SALAM,0.0027503120714242177,SANCTIONED PERSON 1,OK
CUST03033,SALEH,0.00033646467884608977,SANCTIONED PERSON 1,OK
CUST03038,SALIAIEV ALEKSEY MIKHAILOVICH,0.00033646467884608977,SANCTIONED PERSON 1,OK
CUST03040,SeRGEENKO IGOR PIaTROVICH,0.00033646467884608977,SANCTIONED PERSON 1,OK
CUST03043,SEROV SERGEI VIKTOROVICH,0.00033646467884608977,SANCTIONED PERSON 1,OK
CUST03084,SAYED SADUDIN,0.00033646467884608977,SANCTIONED PERSON 1,OK
CUST03086,STREZHNEV DMITRIY STEPANOVICH,0.00033646467884608977,SANCTIONED PERSON 1,OK
CUST03095,SHCHETININ ALEKSEY EVGENYEVICH,0.00033646467884608977,SANCTIONED PERSON 1,OK
CUST03104,SHEKAU ABUBAKAR MOHAMMED,0.00033646467884608977,SANCTIONED PERSON 1,OK
CUST03122,SHSHADAH RAFIQ,0.00033646467884608977,SANCTIONED PERSON 1,OK
CUST03127,SELF SUFFICIENCY JIHAD ORGANIZATION,0.00033646467884608977,SANCTIONED PERSON 1,OK
CUST03138,SENDERO LUMINOSO (SL),0.0027503120714242177,SANCTIONED PERSON 1,OK
CUST03149,SHOA AVIATION,0.00033646467884608977,SANCTIONED PERSON 1,OK
CUST03151,SHMELEV DMITRY VLADIMIROVICH,0.00033646467884608977,SANCTIONED PERSON 1,OK
CUST03162,STATE CONCERN 'NATIONAL ASSOCIATION OF PRODUCERS 'MASSANDRA',0.0027503120714242177,SANCTIONED PERSON 1,OK
CUST03164,SHESHENIA ALEKSEI NIKOLAYEVICH,0.00033646467884608977,SANCTIONED PERSON 1,OK
CUST03182,SAYED SADUDIN,0.00033646467884608977,SANCTIONED PERSON 1,OK
CUST03187,SAIID MAHMOUD IBRAHEEM,0.00033646467884608977,SANCTIONED PERSON 1,OK
CUST03190,SHLaSH MUSHARI ABD AZIZ SALeH,0.00033646467884608977,SANCTIONED PERSON 1,OK
CUST03202,SERGEENKO IGOR PIATROVICH,0.00033646467884608977,SANCTIONED PERSON 1,OK
CUST03208,SOLDIERS OF THE CALIPHATE,0.00033646467884608977,SANCTIONED PERSON 1,OK
CUST03220,SeNE ELMIR,0.00033646467884608977,SANCTIONED PERSON 1,OK
CUST03224,SANLI DALOKAY,0.00033646467884608977,SANCTIONED PERSON 1,OK
CUST03226,SOLNTSEV YEVGENY ALEKSANDROVICH,0.00033646467884608977,SANCTIONED PERSON 1,OK
CUST03257,SHAABAN BOUTHANIA,0.00033646467884608977,SANCTIONED PERSON 1,OK
CUST03265,SHEVCHENKO ANDREI ANATOLYEVICH,0.00033646467884608977,SANCTIONED PERSON 1,OK
CUST03271,SKLYAR GENNADY IVANOVICH,0.0027503120714242177,SANCTIONED PERSON 1,OK
CUST03281,SUN SHIP MANAGEMENT (D) LTD,0.00033646467884608977,SANCTIONED PERSON 1,OK
CUST03284,SANCHIK ALEXANDER SEMENOVICH,0.00033646467884608977,SANCTIONED PERSON 1,OK
CUST03288,SIGMA AVIATION,0.00033646467884608977,SANCTIONED PERSON 1,OK
CUST03298,SAHIB HANAFI,0.00033646467884608977,SANCTIONED PERSON 1,OK
CUST03308,SHANTSEV VALERY PAVLINOVICH,0.0027503120714242177,SANCTIONED PERSON 1,OK
CUST03335,SALI KIPLI,0.00033646467884608977,SANCTIONED PERSON 1,OK
CUST03355,SABRI ABDEL ILAH,0.00033646467884608977,SANCTIONED PERSON 1,OK
CUST03390,SeRGEYENKO IHaR PIATROVICH,0.00033646467884608977,SANCTIONED PERSON 1,OK
CUST03412,STEP STANDART TEKNIK PARCA SAN. VE TIC. A.S.,0.00033646467884608977,SANCTIONED PERSON 1,OK
CUST03454,SIROVATKO YURY NIKOLAEVICH,0.00033646467884608977,SANCTIONED PERSON 1,OK
CUST03467,SARFIDA EHSANULLAH,0.00033646467884608977,SANCTIONED PERSON 1,OK
CUST03490,SHeYMaN VIKTOR VLADIMIROVICH,0.00033646467884608977,SANCTIONED PERSON 1,OK
CUST03491,SIN KYU NAM,0.00033646467884608977,SANCTIONED PERSON 1,OK
CUST03511,SHARGUNOV SERGEY ALEXANDROVICH,0.00033646467884608977,SANCTIONED PERSON 1,OK
CUST03527,SINDHI ABDURAHMAN,0.00033646467884608977,SANCTIONED PERSON 1,OK
CUST03532,SORUH COMPANY,0.0027503120714242177,SANCTIONED PERSON 1,OK
CUST03534,SHARIF UNIVERSITY OF TECHNOLOGY,0.00033646467884608977,SANCTIONED PERSON 1,OK
CUST03536,SIDORENKO VALERIY VALERYEVICH,0.0027503120714242177,SANCTIONED PERSON 1,OK
CUST03555,STESHIN DMITRY ANATOLYEVICH,0.00033646467884608977,SANCTIONED PERSON 1,OK
CUST03576,STANEX GROUP LIMITED LIABILITY PARTNERSHIP,0.0027503120714242177,SANCTIONED PERSON 1,OK
CUST03584,SULEIMAN NAEEM JASEM,0.00033646467884608977,SANCTIONED PERSON 1,OK
CUST03601,SALAMEH RIAD,0.00033646467884608977,SANCTIONED PERSON 1,OK
CUST03627,SHEIN ANDREI BORISOVICH,0.00033646467884608977,SANCTIONED PERSON 1,OK
CUST03643,SOLDIERS OF THE CALIPHATE IN THE LAND OF ALGERIA,0.0027503120714242177,SANCTIONED PERSON 1,OK
CUST03646,SALIM ABU,0.00033646467884608977,SANCTIONED PERSON 1,OK
CUST03657,SALI KIPLI,0.0027503120714242177,SANCTIONED PERSON 1,OK
CUST03660,SaLBI ABDUL AMIR MUHAMMAD SA'ID,0.00033646467884608977,SANCTIONED PERSON 1,OK
CUST03662,SUAREZ ANDERSON LOURDES BENICIA,0.0027503120714242177,SANCTIONED PERSON 1,OK
CUST03679,"SO CALLED ""DONBASS PEOPLEÂ€™S MILITIA""",0.00033646467884608977,SANCTIONED PERSON 1,OK
CUST03689,SA'ID,0.00033646467884608977,SANCTIONED PERSON 1,OK
CUST03705,SPECIAL INDUSTRIES GROUP (SIG),0.00033646467884608977,SANCTIONED PERSON 1,OK
CUST03714,SHELOMOV MIKHAIL LVOVICH,0.0027503120714242177,SANCTIONED PERSON 1,OK
CUST03719,SA'AD ABDEL-SALAM,0.00033646467884608977,SANCTIONED PERSON 1,OK
CUST03720,SeRGEENKO IGOR PETROVICH,0.00033646467884608977,SANCTIONED PERSON 1,OK
CUST03726,SANLI DALOKAY,0.00033646467884608977,SANCTIONED PERSON 1,OK
CUST03733,SEMISOTOV NIKOLAI PETROVICH,0.00033646467884608977,SANCTIONED PERSON 1,OK
CUST03742,"SHANGHAI NEWLAND INTERNATIONAL LOGISTICS CO., LTD",0.00033646467884608977,SANCTIONED PERSON 1,OK
CUST03748,SONG CHOL JANG,0.00033646467884608977,SANCTIONED PERSON 1,OK
CUST03756,SHEPELEV ALEKSANDR SVYATASLAVAVICH,0.00033646467884608977,SANCTIONED PERSON 1,OK
CUST03766,STATE SCIENTIFIC RESEARCH INSTITUTE OF GRAPHITE (NII GRAFIT),0.00033646467884608977,SANCTIONED PERSON 1,OK
CUST03780,SYaH HeRIS,0.00033646467884608977,SANCTIONED PERSON 1,OK
CUST03797,STRATEGIC FORCES,0.00033646467884608977,SANCTIONED PERSON 1,OK
CUST03820,STaSIUKeVICH VITALYI IVANOVICH,0.00033646467884608977,SANCTIONED PERSON 1,OK
CUST03841,SALYAYEV ALEKSEY MIKHAILOVICH,0.00033646467884608977,SANCTIONED PERSON 1,OK
CUST03874,SHKOLOV EVGENIY MIKHAILOVICH,0.00033646467884608977,SANCTIONED PERSON 1,OK
CUST03877,SAHIRON RADULAN,0.0027503120714242177,SANCTIONED PERSON 1,OK
CUST03910,SaVeLOV VLADIMIR VLADIMIROVICH,0.00033646467884608977,SANCTIONED PERSON 1,OK
CUST03924,SAVCHENKO OLEG VLADIMIROVICH,0.0027503120714242177,SANCTIONED PERSON 1,OK
CUST03930,SeLIVaNOVA ANASTASIA YURIEVNA,0.00033646467884608977,SANCTIONED PERSON 1,OK
CUST03933,SHSHADAH RAFIQ,0.00033646467884608977,SANCTIONED PERSON 1,OK
CUST03935,SON CHOL-JU,0.0027503120714242177,SANCTIONED PERSON 1,OK
CUST03960,SHaHLAI ABDUL ReZA,0.00033646467884608977,SANCTIONED PERSON 1,OK
CUST03961,SALAH ABOU MOHAMED,0.00033646467884608977,SANCTIONED PERSON 1,OK
CUST03979,SHKOLOV EVGENIY MIKHAILOVICH,0.00033646467884608977,SANCTIONED PERSON 1,OK
CUST03991,STATE RESEARCH INSTITUTE OF CONSTRUCTIONAL MATERIALS GRAPHITE (NIIGRAFIT),0.00033646467884608977,SANCTIONED PERSON 1,OK
CUST04022,SHAMMAS ELIAS HASSIB,0.00033646467884608977,SANCTIONED PERSON 1,OK
CUST04025,SKOCH ANDREI VLADIMIROVICH,0.0027503120714242177,SANCTIONED PERSON 1,OK
CUST04029,SOLTANI HAMID,0.0027503120714242177,SANCTIONED PERSON 1,OK
CUST04045,SYRIAN COMPANY FOR INFORMATION TECHNOLOGY,0.00033646467884608977,SANCTIONED PERSON 1,OK
CUST04075,SHONGOLE FUAD MUHAMMAD KHALAF,0.00033646467884608977,SANCTIONED PERSON 1,OK
CUST04084,SHESHENYA ALEXEI NIKOLAYEVICH,0.0027503120714242177,SANCTIONED PERSON 1,OK
CUST04102,SHONGOLE FUAD,0.00033646467884608977,SANCTIONED PERSON 1,OK
CUST04107,SHULIAKOUSKI OLEG NIKOLAEVICH,0.00033646467884608977,SANCTIONED PERSON 1,OK
CUST04113,SALARKIA MAHMOUD,0.0027503120714242177,SANCTIONED PERSON 1,OK
CUST04114,SHIGABUTDINOV ALBERT KASHAFOVICH,0.0027503120714242177,SANCTIONED PERSON 1,OK
CUST04130,SHaMALOV KIRILL,0.00033646467884608977,SANCTIONED PERSON 1,OK
CUST04132,SAFAVI YAHYA RAHIM,0.00033646467884608977,SANCTIONED PERSON 1,OK
CUST04149,SOVOKONENKO YURY,0.00033646467884608977,SANCTIONED PERSON 1,OK
CUST04156,STATE UNITARY ENTERPRISE OF THE 'REPUBLIC OF CRIMEA' NATIONAL INSTITUTE OF WINE 'MAGARACH',0.00033646467884608977,SANCTIONED PERSON 1,OK
CUST04161,SUAD ABU,0.00033646467884608977,SANCTIONED PERSON 1,OK
CUST04164,SANTOSO WIJIJOKO,0.00033646467884608977,SANCTIONED PERSON 1,OK
CUST04173,SECOND ACADEMY OF NATURAL SCIENCES (KPE.018),0.00033646467884608977,SANCTIONED PERSON 1,OK
CUST04174,SHAHID HEMMAT INDUSTRIAL GROUP (SHIG),0.00033646467884608977,SANCTIONED PERSON 1,OK
CUST04177,SHEYMAN VIKTOR ULADIMIRAVICH,0.0027503120714242177,SANCTIONED PERSON 1,OK
CUST04181,SEIEI MARU,0.00033646467884608977,SANCTIONED PERSON 1,OK
CUST04188,SEPASAD ENGINEERING COMPANY,0.0027503120714242177,SANCTIONED PERSON 1,OK
CUST04189,SERGEITSEV TIMOFEI NIKOLAEVICH,0.0027503120714242177,SANCTIONED PERSON 1,OK
CUST04226,"SO CALLED ""DONBASS PEOPLEÂ€™S MILITIA""",0.0027503120714242177,SANCTIONED PERSON 1,OK
CUST04229,SHAPOVALOV OLEG GEORGIEVICH,0.0027503120714242177,SANCTIONED PERSON 1,OK
CUST04261,STRELCHUK NATALYA IVANOVNA,0.00033646467884608977,SANCTIONED PERSON 1,OK
CUST04266,SAMAD ABDUS,0.00033646467884608977,SANCTIONED PERSON 1,OK
CUST04285,SANTOS III (THIRD) HILARION,0.00033646467884608977,SANCTIONED PERSON 1,OK
CUST04291,SHUVALOV YEVGENY IGOROVICH ZHENYA,0.00033646467884608977,SANCTIONED PERSON 1,OK
CUST04292,SANAYE SOKHTE MORAKAB,0.0027503120714242177,SANCTIONED PERSON 1,OK
CUST04297,SULIMOV UMAR,0.00033646467884608977,SANCTIONED PERSON 1,OK
CUST04299,SHVYTKIN YURY NIKOLAEVICH,0.00033646467884608977,SANCTIONED PERSON 1,OK
CUST04306,SHAHEEN JAMAL SHAABAN,0.00033646467884608977,SANCTIONED PERSON 1,OK
CUST04317,STASHINA YELENA,0.00033646467884608977,SANCTIONED PERSON 1,OK
CUST04319,STASHINA YELENA,0.00033646467884608977,SANCTIONED PERSON 1,OK
CUST04325,SEDLETSKIY VALERI,0.00033646467884608977,SANCTIONED PERSON 1,OK
CUST04328,SHIKISHIMA MARU NO.1,0.00033646467884608977,SANCTIONED PERSON 1,OK
CUST04348,SANAYE ELECTRONIK E IRAN,0.00033646467884608977,SANCTIONED PERSON 1,OK
CUST04349,SHALAI ABD-AL REZA,0.00033646467884608977,SANCTIONED PERSON 1,OK
CUST04355,SVOBODNY DONBASS,0.0027503120714242177,SANCTIONED PERSON 1,OK
CUST04363,SALAMA MOHAMMED ADIB,0.00033646467884608977,SANCTIONED PERSON 1,OK
CUST04373,SS TECHNIQUES COMPANY LIMITED,0.00033646467884608977,SANCTIONED PERSON 1,OK
CUST04407,SIAVASH NADER KHOON,0.0027503120714242177,SANCTIONED PERSON 1,OK
CUST04440,SaTAR ABDUL,0.00033646467884608977,SANCTIONED PERSON 1,OK
CUST04462,SEDOY,0.00033646467884608977,SANCTIONED PERSON 1,OK
CUST04476,SHIRAZ ELECTRONICS INDUSTRIES,0.00033646467884608977,SANCTIONED PERSON 1,OK
CUST04493,STRUKTURA NATIONAL TECHNOLOGIES,0.0027503120714242177,SANCTIONED PERSON 1,OK
CUST04526,SHAFIQ ABDUL WAHED,0.0027503120714242177,SANCTIONED PERSON 1,OK
CUST04535,SANDWORM TEAM,0.00033646467884608977,SANCTIONED PERSON 1,OK
CUST04551,SHCHERBAKOV SERGEI VLADILENOVICH,0.00033646467884608977,SANCTIONED PERSON 1,OK
CUST04561,SANCHIK ALEXANDER SEMYONOVICH,0.00033646467884608977,SANCTIONED PERSON 1,OK
CUST04595,SHAHID BEHESHTI UNIVERSITY,0.0027503120714242177,SANCTIONED PERSON 1,OK
CUST04599,SHAMSEDDIN SAYED,0.00033646467884608977,SANCTIONED PERSON 1,OK
CUST04608,SARAH IMAD ABDULLAH,0.00033646467884608977,SANCTIONED PERSON 1,OK
CUST04625,SINWAR YEHIA,0.00033646467884608977,SANCTIONED PERSON 1,OK
CUST04642,SEIF ABU,0.00033646467884608977,SANCTIONED PERSON 1,OK
CUST04648,SYRIAN COMPANY FOR INFORMATION TECHNOLOGY,0.00033646467884608977,SANCTIONED PERSON 1,OK
CUST04649,STEPANOVA OLGA HERMANOVNA,0.0027503120714242177,SANCTIONED PERSON 1,OK
CUST04651,SIN KYU NAM,0.0027503120714242177,SANCTIONED PERSON 1,OK
CUST04652,SEPAH-E QODS,0.0027503120714242177,SANCTIONED PERSON 1,OK
CUST04658,SHOOTER,0.00033646467884608977,SANCTIONED PERSON 1,OK
CUST04671,SAID SAID,0.00033646467884608977,SANCTIONED PERSON 1,OK
CUST04697,SALAMEH MOHAMMED ADIB,0.00033646467884608977,SANCTIONED PERSON 1,OK
CUST04701,SYTY DMITRY,0.0027503120714242177,SANCTIONED PERSON 1,OK
CUST04702,SHPEROV PAVEL VALENTINOVICH,0.0027503120714242177,SANCTIONED PERSON 1,OK
CUST04726,SHOON ENERGY PTE LIMITED,0.0027503120714242177,SANCTIONED PERSON 1,OK
CUST04729,SKACHKOV ALEXANDER ANATOLIEVICH,0.00033646467884608977,SANCTIONED PERSON 1,OK
CUST04732,SULAIMAN MAHIR,0.00033646467884608977,SANCTIONED PERSON 1,OK
CUST04733,SAFIYE HASSAN,0.00033646467884608977,SANCTIONED PERSON 1,OK
CUST04735,SALAMI HOSEIN,0.00033646467884608977,SANCTIONED PERSON 1,OK
CUST04741,SALAEVA ALLA LEONIDOVNA,0.00033646467884608977,SANCTIONED PERSON 1,OK
CUST04772,SHAMBAZOV ARTUR RINATOVICH,0.0027503120714242177,SANCTIONED PERSON 1,OK
CUST04779,SKRYPNIK KONSTANTIN EVGENIEVICH,0.0027503120714242177,SANCTIONED PERSON 1,OK
CUST04782,SABTINA LTD,0.00033646467884608977,SANCTIONED PERSON 1,OK
CUST04784,SMIRNOVA NATALIA,0.0027503120714242177,SANCTIONED PERSON 1,OK
CUST04794,SAVELOV VLADIMIR VLADIMIROVICH,0.00033646467884608977,SANCTIONED PERSON 1,OK
CUST04798,SELIVANOVA ANASTASIA YURYEVNA,0.0027503120714242177,SANCTIONED PERSON 1,OK
CUST04804,SARYGLAR AIDYN NIKOLAEVICH,0.0027503120714242177,SANCTIONED PERSON 1,OK
CUST04810,SaLYAeV ALEKSEY MIKHAILOVICH,0.00033646467884608977,SANCTIONED PERSON 1,OK
CUST04816,STANEX GROUP LIMITED LIABILITY PARTNERSHIP,0.0027503120714242177,SANCTIONED PERSON 1,OK
CUST04819,SALAVATI ABLOQASEM,0.0027503120714242177,SANCTIONED PERSON 1,OK
CUST04823,SAIDI HOJJAT AL ESLAM ALI,0.00033646467884608977,SANCTIONED PERSON 1,OK
CUST04832,SYCHEVOY ANDREY IVANOVICH,0.00033646467884608977,SANCTIONED PERSON 1,OK
CUST04837,SHEVCHENKO ANDREI ANATOLYEVICH,0.0027503120714242177,SANCTIONED PERSON 1,OK
CUST04841,SEWA SECURITY SERVICES,0.00033646467884608977,SANCTIONED PERSON 1,OK
CUST04844,SHAMANOV VLADIMIR ANATOLIEVICH,0.00033646467884608977,SANCTIONED PERSON 1,OK
CUST04857,SHAMLAKH ZUHAIR,0.0027503120714242177,SANCTIONED PERSON 1,OK
CUST04867,SHISHANI AKHMAD,0.00033646467884608977,SANCTIONED PERSON 1,OK
CUST04875,SAM_MA_2,0.00033646467884608977,SANCTIONED PERSON 1,OK
CUST04878,SHAMALOVA EKATERINA VLADIMIROVNA,0.00033646467884608977,SANCTIONED PERSON 1,OK
CUST04893,SHEININ ARTEM,0.00033646467884608977,SANCTIONED PERSON 1,OK
CUST04899,SAVELOV VLADIMIR VLADIMIROVICH,0.0027503120714242177,SANCTIONED PERSON 1,OK
CUST04918,STAN COMPANY,0.00033646467884608977,SANCTIONED PERSON 1,OK
CUST04924,SOVOKONENKO YURY,0.00033646467884608977,SANCTIONED PERSON 1,OK
CUST04933,SHIBIL LUNA,0.00033646467884608977,SANCTIONED PERSON 1,OK
CUST04937,SHAHEEN JAMAL SHAABAN,0.00033646467884608977,SANCTIONED PERSON 1,OK
CUST04950,SU MaDAMe,0.00033646467884608977,SANCTIONED PERSON 1,OK
CUST04960,SINWaR YeHIYEH,0.00033646467884608977,SANCTIONED PERSON 1,OK
CUST04968,SOLDIERS OF GOD,0.0027503120714242177,SANCTIONED PERSON 1,OK
CUST04981,SUNARSO ARIS,0.00033646467884608977,SANCTIONED PERSON 1,OK
CUST04995,SECHIN IGOR IVANOVICH,0.00033646467884608977,SANCTIONED PERSON 1,OK
CUST05024,SHAMLAKH ZUHEIR,0.0027503120714242177,SANCTIONED PERSON 1,OK
CUST05045,SANAM INDUSTRIAL COMPANY,0.00033646467884608977,SANCTIONED PERSON 1,OK
CUST05051,SADIQ AL-AHDAL MOHAMMAD HAMDI MOHAMMAD,0.0027503120714242177,SANCTIONED PERSON 1,OK
CUST05058,SULTANA AOZMA,0.0027503120714242177,SANCTIONED PERSON 1,OK
CUST05072,STAR VOYAGES SHIPPING SERVICES L.L.C,0.0027503120714242177,SANCTIONED PERSON 1,OK
CUST05084,SHARIF AMMAR MEDHAT,0.00033646467884608977,SANCTIONED PERSON 1,OK
CUST05105,SALAH ABOU MOHAMED,0.00033646467884608977,SANCTIONED PERSON 1,OK
CUST05107,STEP STANDARD TECHNICAL COMPONENTS INDUSTRY AND TRADING CORPORATION,0.00033646467884608977,SANCTIONED PERSON 1,OK
CUST05139,SOVFRACHT,0.00033646467884608977,SANCTIONED PERSON 1,OK
CUST05154,STRELCHENKO ALEXEY ALEXEEVICH,0.00033646467884608977,SANCTIONED PERSON 1,OK
CUST05162,SHANGOLE FUAD,0.0027503120714242177,SANCTIONED PERSON 1,OK
CUST05165,SUAD ABU,0.0027503120714242177,SANCTIONED PERSON 1,OK
CUST05169,SAHIB HAJI MULLAH,0.00033646467884608977,SANCTIONED PERSON 1,OK
CUST05174,STRELKOV IGOR,0.00033646467884608977,SANCTIONED PERSON 1,OK
CUST05176,SALIM ALI,0.00033646467884608977,SANCTIONED PERSON 1,OK
CUST05195,SHABAAB,0.00033646467884608977,SANCTIONED PERSON 1,OK
CUST05200,SaLIAIeV ALEXEI MIKHAILOVICH,0.00033646467884608977,SANCTIONED PERSON 1,OK
CUST05213,SALMANE,0.0027503120714242177,SANCTIONED PERSON 1,OK
CUST05228,SOVKOMBANK,0.00033646467884608977,SANCTIONED PERSON 1,OK
CUST05243,SALPAGAROV AKHMAT ANZOROVICH,0.0027503120714242177,SANCTIONED PERSON 1,OK
CUST05259,SOK CHOL KIM,0.00033646467884608977,SANCTIONED PERSON 1,OK
CUST05260,SIReGaR SALEH PARLINDUNGAN,0.00033646467884608977,SANCTIONED PERSON 1,OK
CUST05266,SU YONG RI,0.00033646467884608977,SANCTIONED PERSON 1,OK
CUST05276,SHULEYKO YURI VITOLDOVICH,0.0027503120714242177,SANCTIONED PERSON 1,OK
CUST05301,SALYAYEV ALEXEI MIKHAILOVICH,0.0027503120714242177,SANCTIONED PERSON 1,OK
CUST05334,SA'EED MAHMOUD IBRAHEEM,0.00033646467884608977,SANCTIONED PERSON 1,OK
CUST05362,SEIF ABU,0.00033646467884608977,SANCTIONED PERSON 1,OK
CUST05392,SOLAT SANNA,0.0027503120714242177,SANCTIONED PERSON 1,OK
CUST05397,SA'ID,0.00033646467884608977,SANCTIONED PERSON 1,OK
CUST05404,SHARIFF ABU MAKABURI,0.0027503120714242177,SANCTIONED PERSON 1,OK
CUST05406,STRUCTURA NATIONAL TECHNOLOGIES,0.00033646467884608977,SANCTIONED PERSON 1,OK
CUST05416,SOULEIMAN,0.00033646467884608977,SANCTIONED PERSON 1,OK
CUST05421,SHARIFI-TEHRANI HAMIDREZA,0.00033646467884608977,SANCTIONED PERSON 1,OK
CUST05445,SIAVASH NADER KHOON,0.00033646467884608977,SANCTIONED PERSON 1,OK
CUST05446,STRATEGIC ROCKET FORCE COMMAND OF KPA,0.00033646467884608977,SANCTIONED PERSON 1,OK
CUST05453,SEPAH-E QODS,0.0027503120714242177,SANCTIONED PERSON 1,OK
CUST05478,STATE UNITARY ENTERPRISE OF THE 'REPUBLIC OF CRIMEA' NATIONAL INSTITUTE OF WINE 'MAGARACH',0.00033646467884608977,SANCTIONED PERSON 1,OK
CUST05483,SHABUNYA VICTORIA VALEREVNA,0.00033646467884608977,SANCTIONED PERSON 1,OK
CUST05485,SIMATIC,0.0027503120714242177,SANCTIONED PERSON 1,OK
CUST05487,SAHIRON RADULAN,0.00033646467884608977,SANCTIONED PERSON 1,OK
CUST05489,SHAMSURRAHMAN ABDURAHMAN,0.00033646467884608977,SANCTIONED PERSON 1,OK
CUST05494,SHCHAPOV MIKHAIL VIKTOROVICH,0.00033646467884608977,SANCTIONED PERSON 1,OK
CUST05504,SOMAD ABDUS,0.00033646467884608977,SANCTIONED PERSON 1,OK
CUST05505,SAEED HAFIZ MUHAMMAD,0.0027503120714242177,SANCTIONED PERSON 1,OK
CUST05524,SAID MAHMOUD IBRAHEEM,0.00033646467884608977,SANCTIONED PERSON 1,OK
CUST05536,SYTY DMITRY,0.00033646467884608977,SANCTIONED PERSON 1,OK
CUST05541,SALEH MAHAMAT,0.00033646467884608977,SANCTIONED PERSON 1,OK
CUST05555,SHATOKHIN ALEXEI VLADIMIROVICH,0.00033646467884608977,SANCTIONED PERSON 1,OK
CUST05562,SUN MIDDLE EAST FZCO,0.00033646467884608977,SANCTIONED PERSON 1,OK
CUST05563,SAYED MOHAMMAD,0.00033646467884608977,SANCTIONED PERSON 1,OK
CUST05566,SYWAL YASSIN,0.0027503120714242177,SANCTIONED PERSON 1,OK
CUST05567,STAN LLC,0.00033646467884608977,SANCTIONED PERSON 1,OK
CUST05587,SHAHLA'I ABDOLREZA,0.00033646467884608977,SANCTIONED PERSON 1,OK
CUST05594,SHEBIL LUNA,0.00033646467884608977,SANCTIONED PERSON 1,OK
CUST05602,SIKORSKI ARTEM IGOREVICH,0.00033646467884608977,SANCTIONED PERSON 1,OK
CUST05603,SHYPITSYN ANDRII,0.00033646467884608977,SANCTIONED PERSON 1,OK
CUST05628,SHEYKIN ARTYOM GENNADIEVICH,0.00033646467884608977,SANCTIONED PERSON 1,OK
CUST05632,SRC RF TRINITI,0.00033646467884608977,SANCTIONED PERSON 1,OK
CUST05641,SHVIDLER EVGENY MARKOVICH,0.00033646467884608977,SANCTIONED PERSON 1,OK
CUST05647,SUWAID JOSEPH,0.00033646467884608977,SANCTIONED PERSON 1,OK
CUST05649,SUKKAR HUSAM,0.0027503120714242177,SANCTIONED PERSON 1,OK
CUST05653,SHOKHIN ALEXANDER NIKOLAYEVICH,0.00033646467884608977,SANCTIONED PERSON 1,OK
CUST05658,SKY AVIATOR COMPANY LTD,0.0027503120714242177,SANCTIONED PERSON 1,OK
CUST05659,SALAVATI ABULGHASEM,0.0027503120714242177,SANCTIONED PERSON 1,OK
CUST05679,SALAMEH ADIB NIMR,0.0027503120714242177,SANCTIONED PERSON 1,OK
CUST05683,SHE DYLAN,0.0027503120714242177,SANCTIONED PERSON 1,OK
CUST05716,SHELOMOV MIKHAIL LVOVICH,0.00033646467884608977,SANCTIONED PERSON 1,OK
CUST05736,SEPANIR OIL & GAS ENERGY ENG. CO.,0.00033646467884608977,SANCTIONED PERSON 1,OK
CUST05748,SLIZHEUSKIY OLEG LEONIDOVICH,0.00033646467884608977,SANCTIONED PERSON 1,OK
CUST05769,SANANI,0.0027503120714242177,SANCTIONED PERSON 1,OK
CUST05784,SHAKHESE BEHBUD SANAT,0.00033646467884608977,SANCTIONED PERSON 1,OK
CUST05787,SUK VITALIY ALEKSANDROVICH,0.00033646467884608977,SANCTIONED PERSON 1,OK
CUST05813,SHALISH ZU AL-HIMMA,0.00033646467884608977,SANCTIONED PERSON 1,OK
CUST05817,SUKHORUKOV OLEG GENNADIEVICH,0.00033646467884608977,SANCTIONED PERSON 1,OK
CUST05820,SHaH MOHAMMeD,0.00033646467884608977,SANCTIONED PERSON 1,OK
CUST05831,SUNDUQ AL MASHREK AL ISTITHMARI,0.0027503120714242177,SANCTIONED PERSON 1,OK
CUST05834,SOBOL ALEXANDR IVANOVICH,0.00033646467884608977,SANCTIONED PERSON 1,OK
CUST05846,SIDI SOULEYMANE BI,0.0027503120714242177,SANCTIONED PERSON 1,OK
CUST05887,SALMAN MUHAMMAD DA'UD,0.00033646467884608977,SANCTIONED PERSON 1,OK
CUST05889,SIT TAING AUNG,0.0027503120714242177,SANCTIONED PERSON 1,OK
CUST05897,SILVA SHAVENDRA LOKUGAN HEWAGE CHANDANA,0.00033646467884608977,SANCTIONED PERSON 1,OK
CUST05915,SHUVALOV EVGENY IGOREVICH,0.00033646467884608977,SANCTIONED PERSON 1,OK
CUST05946,SUPREME COUNCIL OF THE CULTURAL REVOLUTION,0.00033646467884608977,SANCTIONED PERSON 1,OK
CUST05955,SALMAN MU'ALIM,0.00033646467884608977,SANCTIONED PERSON 1,OK
CUST05958,SHYPITSYN ANDREI,0.0027503120714242177,SANCTIONED PERSON 1,OK
CUST05963,SPETSSVYAZ,0.0027503120714242177,SANCTIONED PERSON 1,OK
CUST05981,SKOCH VARVARA ANDREEVNA,0.0027503120714242177,SANCTIONED PERSON 1,OK
CUST05987,SHESHENIA ALEXEI NIKOLAYEVICH,0.00033646467884608977,SANCTIONED PERSON 1,OK
CUST05998,SAEED HAFIZ,0.0027503120714242177,SANCTIONED PERSON 1,OK
CUST06026,SADOVENKO YURIY EDUARDOVICH,0.00033646467884608977,SANCTIONED PERSON 1,OK
CUST06030,SHaMALOV NIKOLAI TeRENTIEVICH,0.00033646467884608977,SANCTIONED PERSON 1,OK
CUST06032,STATE PURCHASING ORGANIZATION,0.00033646467884608977,SANCTIONED PERSON 1,OK
CUST06039,SARGSYAN ARMEN,0.00033646467884608977,SANCTIONED PERSON 1,OK
CUST06055,SOLNTSEV EVGENIY ALEKSANDROVICH,0.00033646467884608977,SANCTIONED PERSON 1,OK
CUST06062,SERGEENKO IGOR PIATROVICH,0.0027503120714242177,SANCTIONED PERSON 1,OK
CUST06064,SILSALAT AL DHAB,0.00033646467884608977,SANCTIONED PERSON 1,OK
CUST06065,SALLÃ‰ MAHAMAT,0.00033646467884608977,SANCTIONED PERSON 1,OK
CUST06084,SURENA,0.00033646467884608977,SANCTIONED PERSON 1,OK
CUST06088,STATE AUTHORITY FOR MILITARY INDUSTRY OF THE REPUBLIC OF BELARUS,0.0027503120714242177,SANCTIONED PERSON 1,OK
CUST06099,SIRHAN HALA,0.00033646467884608977,SANCTIONED PERSON 1,OK
CUST06102,SAHAB,0.00033646467884608977,SANCTIONED PERSON 1,OK
CUST06107,STEPANOVA OLGA HERMANOVNA,0.00033646467884608977,SANCTIONED PERSON 1,OK
CUST06108,SHALAI ABD-AL REZA,0.00033646467884608977,SANCTIONED PERSON 1,OK
CUST06123,SHOON ENERGY PTE LIMITED,0.00033646467884608977,SANCTIONED PERSON 1,OK
CUST06127,SIVOKONENKO YURY,0.00033646467884608977,SANCTIONED PERSON 1,OK
CUST06128,STENYAKINA EKATERINA PETROVNA,0.0027503120714242177,SANCTIONED PERSON 1,OK
CUST06134,SALMAN MUHAMMAD DA'UD,0.00033646467884608977,SANCTIONED PERSON 1,OK
CUST06139,STAROVOIT ROMAN VLADIMIROVICH,0.0027503120714242177,SANCTIONED PERSON 1,OK
CUST06150,SHaHADe RAFIQ,0.00033646467884608977,SANCTIONED PERSON 1,OK
CUST06159,SAINT JOYAGE,0.0027503120714242177,SANCTIONED PERSON 1,OK
CUST06165,SIVAK ANATOLI ALEKSANDROVICH,0.0027503120714242177,SANCTIONED PERSON 1,OK
CUST06169,SHEPELEV ALEXANDER SVYATOSLAVOVICH,0.00033646467884608977,SANCTIONED PERSON 1,OK
CUST06170,SHeIN aNDREI BORISOVICH,0.00033646467884608977,SANCTIONED PERSON 1,OK
CUST06172,STANKEVICH SERGEY NIKOLAYEVICH,0.00033646467884608977,SANCTIONED PERSON 1,OK
CUST06173,SHE KAILUN,0.00033646467884608977,SANCTIONED PERSON 1,OK
CUST06176,SS TECHNIQUES COMPANY LIMITED,0.00033646467884608977,SANCTIONED PERSON 1,OK
CUST06179,SHAMBAZOV ARTUR RINATOVICH,0.00033646467884608977,SANCTIONED PERSON 1,OK
CUST06186,SALEVATI ABUGHASEM,0.00033646467884608977,SANCTIONED PERSON 1,OK
CUST06194,SALIM OKOLU,0.00033646467884608977,SANCTIONED PERSON 1,OK
CUST06197,STEP STANDART TEKNIK PARCA SAN. TIC. AS,0.00033646467884608977,SANCTIONED PERSON 1,OK
CUST06209,SAYYARI HABIBOLLAH,0.00033646467884608977,SANCTIONED PERSON 1,OK
CUST06211,SOLNTSEV EVGENIY ALEKSANDROVICH,0.00033646467884608977,SANCTIONED PERSON 1,OK
CUST06216,SAD IMPORT EXPORT COMPANY,0.0027503120714242177,SANCTIONED PERSON 1,OK
CUST06217,SOZINOV PAVEL ALEKSEEVICH,0.00033646467884608977,SANCTIONED PERSON 1,OK
CUST06222,STRATEGIC ROCKET FORCE OF THE KOREAN PEOPLE'S ARMY,0.0027503120714242177,SANCTIONED PERSON 1,OK
CUST06228,SURKOV VLADISLAV YURIEVICH,0.00033646467884608977,SANCTIONED PERSON 1,OK
CUST06241,SINDHI ABDUL REHMAN,0.00033646467884608977,SANCTIONED PERSON 1,OK
CUST06245,SALARKIA MAHMOUD,0.00033646467884608977,SANCTIONED PERSON 1,OK
CUST06246,SERGEENKO IHAR PIATROVICH,0.0027503120714242177,SANCTIONED PERSON 1,OK
CUST06256,SANTOS ABU ABDULLAH,0.0027503120714242177,SANCTIONED PERSON 1,OK
CUST06284,SKOROKHODOVA NATALYA PETROVNA,0.00033646467884608977,SANCTIONED PERSON 1,OK
CUST06286,SHAHADEH RAFIQ,0.0027503120714242177,SANCTIONED PERSON 1,OK
CUST06300,SaRAFRAZ MOHAMMAD,0.00033646467884608977,SANCTIONED PERSON 1,OK
CUST06303,SAIDI HOJATOLESLAM ALI,0.0027503120714242177,SANCTIONED PERSON 1,OK
CUST06327,SAVOSTYANOV SERGEY VLADIMIROVICH,0.0027503120714242177,SANCTIONED PERSON 1,OK
CUST06336,SHAPSHA VLADISLAV VALERYEVICH,0.00033646467884608977,SANCTIONED PERSON 1,OK
CUST06346,STATE UNITARY ENTERPRISE OF THE Â€˜REPUBLIC OF CRIMEAÂ€™ Â€˜PRODUCTION-AGRARIAN UNION Â€ŒMASSANDRAÂ€Â€™,0.00033646467884608977,SANCTIONED PERSON 1,OK
CUST06348,SHAMSUDDIN PAHLAWAN,0.00033646467884608977,SANCTIONED PERSON 1,OK
CUST06362,SMZ JSC,0.0027503120714242177,SANCTIONED PERSON 1,OK
CUST06369,SAYEED AGHA SIA,0.0027503120714242177,SANCTIONED PERSON 1,OK
CUST06373,SAIFUDDIN,0.00033646467884608977,SANCTIONED PERSON 1,OK
CUST06376,SALMAN MUHAMMAD DA'UD,0.00033646467884608977,SANCTIONED PERSON 1,OK
CUST06377,SHAHADA RAFEEQ,0.00033646467884608977,SANCTIONED PERSON 1,OK
CUST06379,SALIM AHMED FUAD,0.00033646467884608977,SANCTIONED PERSON 1,OK
CUST06385,SECOND ACADEMY OF NATURAL SCIENCES (KPE.018),0.00033646467884608977,SANCTIONED PERSON 1,OK
CUST06389,SALWWAN SAMIR,0.0027503120714242177,SANCTIONED PERSON 1,OK
CUST06409,SALAME RIAD,0.00033646467884608977,SANCTIONED PERSON 1,OK
CUST06425,SALAHUDIN,0.00033646467884608977,SANCTIONED PERSON 1,OK
CUST06427,SOMALI BATTALION,0.0027503120714242177,SANCTIONED PERSON 1,OK
CUST06432,SHAHADAH RAFEEQ,0.00033646467884608977,SANCTIONED PERSON 1,OK
CUST06444,SABRI ABDEL ILAH,0.0027503120714242177,SANCTIONED PERSON 1,OK
CUST06451,SWIP TRADING FZCO,0.00033646467884608977,SANCTIONED PERSON 1,OK
CUST06463,SALIAIEV ALEXEI MIKHAILOVICH,0.00033646467884608977,SANCTIONED PERSON 1,OK
CUST06466,SANAYE SOKHTE MORAKAB,0.00033646467884608977,SANCTIONED PERSON 1,OK
CUST06472,SIDOROV ILYA VLADIMIROVICH,0.00033646467884608977,SANCTIONED PERSON 1,OK
CUST06484,SELEZNEV VALERY SERGEEVICH,0.0027503120714242177,SANCTIONED PERSON 1,OK
CUST06485,SHEIKHNEJAD HASSAN,0.00033646467884608977,SANCTIONED PERSON 1,OK
CUST06490,SeRGEENKO IHaR PIATROVICH,0.00033646467884608977,SANCTIONED PERSON 1,OK
CUST06492,SAZMANE SANAYE HAYAI,0.0027503120714242177,SANCTIONED PERSON 1,OK
CUST06526,SABOUNI IMAD ABDUL GHANI,0.00033646467884608977,SANCTIONED PERSON 1,OK
CUST06539,SOLODOVNIKOV IVAN ALEXANDROVICH,0.00033646467884608977,SANCTIONED PERSON 1,OK
CUST06545,SAVELYEV OLEG GENRIKHOVICH,0.0027503120714242177,SANCTIONED PERSON 1,OK
CUST06557,SULEIMAN MAHIR,0.00033646467884608977,SANCTIONED PERSON 1,OK
CUST06563,SHANGHAI DONGFENG SHIPPING CO LTD,0.00033646467884608977,SANCTIONED PERSON 1,OK
CUST06568,STAUT DESIGN CENTER,0.0027503120714242177,SANCTIONED PERSON 1,OK
CUST06572,SHKOLKINA NADEZHDA VASILIEVNA,0.00033646467884608977,SANCTIONED PERSON 1,OK
CUST06583,SHAHID BAGHERI INDUSTRIAL GROUP (SBIG),0.00033646467884608977,SANCTIONED PERSON 1,OK
CUST06620,SeLIVaNOV OLEKSIY,0.00033646467884608977,SANCTIONED PERSON 1,OK
CUST06627,SHAHESVARI HABIB,0.00033646467884608977,SANCTIONED PERSON 1,OK
CUST06636,SANTOSO WIJI JOKO,0.00033646467884608977,SANCTIONED PERSON 1,OK
CUST06650,STaSHINA YeLENA,0.00033646467884608977,SANCTIONED PERSON 1,OK
CUST06682,SO TONG MYONG,0.0027503120714242177,SANCTIONED PERSON 1,OK
CUST06683,SERGYAENKA IHAR PIATROVICH,0.00033646467884608977,SANCTIONED PERSON 1,OK
CUST06703,SKRIVANOV DMITRY STANISLAVOVICH,0.00033646467884608977,SANCTIONED PERSON 1,OK
CUST06720,SaYeED AGHA SIA,0.00033646467884608977,SANCTIONED PERSON 1,OK
CUST06724,SALAHUDIN,0.0027503120714242177,SANCTIONED PERSON 1,OK
CUST06735,"SHANGHAI NEW CHESS INTERNATIONAL LOGISTICS CO., LTD",0.0027503120714242177,SANCTIONED PERSON 1,OK
CUST06743,SALAMAH ADIB NIMR,0.00033646467884608977,SANCTIONED PERSON 1,OK
CUST06766,SAWAN MEEZER,0.00033646467884608977,SANCTIONED PERSON 1,OK
CUST06780,SaLIM OKOLU,0.00033646467884608977,SANCTIONED PERSON 1,OK
CUST06792,SVYATENKO INNA YURYEVNA,0.0027503120714242177,SANCTIONED PERSON 1,OK
CUST06801,SHESHENYA ALEXEI NIKOLAYEVICH,0.00033646467884608977,SANCTIONED PERSON 1,OK
CUST06824,SUKHAREV IVAN KONSTANTINOVICH,0.00033646467884608977,SANCTIONED PERSON 1,OK
CUST06829,SALEH,0.00033646467884608977,SANCTIONED PERSON 1,OK
CUST06844,SHARIF AMMAR MEDHAT,0.00033646467884608977,SANCTIONED PERSON 1,OK
CUST06848,SAVICIC DAVOR DRAGOLOBOVIC,0.0027503120714242177,SANCTIONED PERSON 1,OK
CUST06867,SHAHID BABAII INDUSTRIES CO,0.00033646467884608977,SANCTIONED PERSON 1,OK
CUST06871,SOLOVIEV YURI ALEKSEYEVICH,0.00033646467884608977,SANCTIONED PERSON 1,OK
CUST06922,SILSILAH MONEY EXCHANGE COMPANY,0.00033646467884608977,SANCTIONED PERSON 1,OK
CUST06923,SOBYANIN SERGEI SEMYONOVICH,0.00033646467884608977,SANCTIONED PERSON 1,OK
CUST06949,SCIENTIFIC RESEARCH INSTITUTE NO 6,0.00033646467884608977,SANCTIONED PERSON 1,OK
CUST06952,SALAMÃ‰ RIAD,0.00033646467884608977,SANCTIONED PERSON 1,OK
CUST06968,SELEZNEV VALERY SERGEEVICH,0.00033646467884608977,SANCTIONED PERSON 1,OK
CUST06976,SALIM ALI,0.00033646467884608977,SANCTIONED PERSON 1,OK
CUST06990,SHUBIN IGOR NIKOLaeVICH,0.00033646467884608977,SANCTIONED PERSON 1,OK
CUST06998,SALTI MUHAMMAD,0.00033646467884608977,SANCTIONED PERSON 1,OK
CUST07008,STATE PURCHASING OFFICE,0.00033646467884608977,SANCTIONED PERSON 1,OK
CUST07010,SeRBIaN,0.00033646467884608977,SANCTIONED PERSON 1,OK
CUST07012,SYNPEX SHWE COMPANY LTD,0.00033646467884608977,SANCTIONED PERSON 1,OK
CUST07016,SAD EXPORT IMPORT COMPANY,0.00033646467884608977,SANCTIONED PERSON 1,OK
CUST07028,SHAPUROVA ALYONA ALEXANDROVNA,0.00033646467884608977,SANCTIONED PERSON 1,OK
CUST07038,SMOLIN OLEG NIKOLAEVICH,0.00033646467884608977,SANCTIONED PERSON 1,OK
CUST07061,SAAM KHAN AMIN MUHAMMAD UL HAQ,0.0027503120714242177,SANCTIONED PERSON 1,OK
CUST07095,SARAH IMAD ABDULLAH,0.0027503120714242177,SANCTIONED PERSON 1,OK
CUST07112,SSM,0.00033646467884608977,SANCTIONED PERSON 1,OK
CUST07130,SaLAM ABDUL,0.00033646467884608977,SANCTIONED PERSON 1,OK
CUST07151,SHAHADA RAFEEQ,0.0027503120714242177,SANCTIONED PERSON 1,OK
CUST07172,SHONGALE FOUAD,0.00033646467884608977,SANCTIONED PERSON 1,OK
CUST07211,STRUKOV KONSTANTIN IVANOVICH,0.0027503120714242177,SANCTIONED PERSON 1,OK
CUST07214,SAD IMPORT EXPORT COMPANY,0.00033646467884608977,SANCTIONED PERSON 1,OK
CUST07219,SAVELYEV OLEG GENRIKHOVICH,0.00033646467884608977,SANCTIONED PERSON 1,OK
CUST07240,SaID SAID,0.00033646467884608977,SANCTIONED PERSON 1,OK
CUST07242,SHAKUTIN ALEXANDER VASILEVICH,0.00033646467884608977,SANCTIONED PERSON 1,OK
CUST07257,SHCHERBAKOV SERGEI VLADILENOVICH,0.00033646467884608977,SANCTIONED PERSON 1,OK
CUST07265,SULAIMAN MAHER,0.00033646467884608977,SANCTIONED PERSON 1,OK
CUST07266,SELIVANOV ALEXEI SERGEEVICH,0.00033646467884608977,SANCTIONED PERSON 1,OK
CUST07268,SULAYMAN MA'ALIN,0.00033646467884608977,SANCTIONED PERSON 1,OK
CUST07295,SCIENTIFIC RESEARCH COUNCIL (SRC),0.00033646467884608977,SANCTIONED PERSON 1,OK
CUST07299,SALAMA MOHAMMED ADIB,0.00033646467884608977,SANCTIONED PERSON 1,OK
CUST07304,SAM_MA_2,0.00033646467884608977,SANCTIONED PERSON 1,OK
CUST07315,SIDOR3RUN,0.00033646467884608977,SANCTIONED PERSON 1,OK
CUST07325,SHAHBANDAR SAMIRA,0.00033646467884608977,SANCTIONED PERSON 1,OK
CUST07328,SAIDI SHAHROUDI ALI,0.00033646467884608977,SANCTIONED PERSON 1,OK
CUST07341,SULEIMAN MAHER,0.00033646467884608977,SANCTIONED PERSON 1,OK
CUST07351,SABRI DAWOOD,0.0027503120714242177,SANCTIONED PERSON 1,OK
CUST07364,SAHIB HAJI MULLAH,0.00033646467884608977,SANCTIONED PERSON 1,OK
CUST07375,SOBOL ALEXANDR IVANOVICH,0.00033646467884608977,SANCTIONED PERSON 1,OK
CUST07376,"SHANGHAI NEWLAND INTERNATIONAL LOGISTICS CO., LTD",0.0027503120714242177,SANCTIONED PERSON 1,OK
CUST07377,SAKHAROVA TATYANA ANATOLYEVNA,0.00033646467884608977,SANCTIONED PERSON 1,OK
CUST07378,STATE UNITARY ENTERPRISE OF THE 'REPUBLIC OF CRIMEA' 'SPARKLING WINE PLANT NOVY SVET',0.00033646467884608977,SANCTIONED PERSON 1,OK
CUST07395,"SHANGHAI NEW CHESS INT'L LOGISTICS CO., LTD.",0.0027503120714242177,SANCTIONED PERSON 1,OK
CUST07396,SHCHERBAKOV SERGEI VLADILENOVICH,0.0027503120714242177,SANCTIONED PERSON 1,OK
CUST07403,STASHINA ELENA,0.0027503120714242177,SANCTIONED PERSON 1,OK
CUST07418,SANLI DALOKAY,0.00033646467884608977,SANCTIONED PERSON 1,OK
CUST07427,SRC RF TRINITI,0.0027503120714242177,SANCTIONED PERSON 1,OK
CUST07448,SHALISH DHU AL-HIMMA,0.0027503120714242177,SANCTIONED PERSON 1,OK
CUST07454,SAFETY EQUIPMENT PROCUREMENT (SEP),0.0027503120714242177,SANCTIONED PERSON 1,OK
CUST07455,SIROVATKO YURY NIKOLAEVICH,0.00033646467884608977,SANCTIONED PERSON 1,OK
CUST07495,SULAYMAN MA'ALIN,0.00033646467884608977,SANCTIONED PERSON 1,OK
CUST07497,SEMYONOV DMITRY ALEKSANDROVICH,0.0027503120714242177,SANCTIONED PERSON 1,OK
CUST07502,SAUTA SERGEI ANATOLIEVICH,0.0027503120714242177,SANCTIONED PERSON 1,OK
CUST07509,SOLDIERS OF THE CALIPHATE,0.00033646467884608977,SANCTIONED PERSON 1,OK
CUST07523,SARYGLAR AIDYN NIKOLAEVICH,0.00033646467884608977,SANCTIONED PERSON 1,OK
CUST07524,SA'ID SAEED,0.00033646467884608977,SANCTIONED PERSON 1,OK
CUST07527,SHARIF UNIVERSITY OF TECHNOLOGY,0.00033646467884608977,SANCTIONED PERSON 1,OK
CUST07530,SYTYI DMITRI,0.00033646467884608977,SANCTIONED PERSON 1,OK
CUST07531,SHISHANI AKHMAD,0.0027503120714242177,SANCTIONED PERSON 1,OK
CUST07539,SUPPORTERS OF ISLAM IN KURDISTAN,0.00033646467884608977,SANCTIONED PERSON 1,OK
CUST07548,SILVA SHAVENDRA LOKUGAN HEWAGE CHANDANA,0.00033646467884608977,SANCTIONED PERSON 1,OK
CUST07557,SIVAKOV IURY LEANIDAVICH,0.00033646467884608977,SANCTIONED PERSON 1,OK
CUST07558,SHAFAHI AHMAD,0.00033646467884608977,SANCTIONED PERSON 1,OK
CUST07570,SIDDIQMaL MOHAMMAD SARWAR,0.00033646467884608977,SANCTIONED PERSON 1,OK
CUST07571,SHARVIT MOSHE,0.0027503120714242177,SANCTIONED PERSON 1,OK
CUST07576,SLAKHO ADNAN,0.00033646467884608977,SANCTIONED PERSON 1,OK
CUST07587,SUPREME COUNCIL OF THE CULTURAL REVOLUTION,0.00033646467884608977,SANCTIONED PERSON 1,OK
CUST07594,SHESHENYA ALEXEY NIKOLAYEVICH,0.0027503120714242177,SANCTIONED PERSON 1,OK
CUST07595,SOLDIERS OF THE CALIPHATE OF ALGERIA,0.00033646467884608977,SANCTIONED PERSON 1,OK
CUST07597,SUPREME CYBERSPACE COUNCIL,0.00033646467884608977,SANCTIONED PERSON 1,OK
CUST07602,SOZINOV PAVEL ALEKSEEVICH,0.0027503120714242177,SANCTIONED PERSON 1,OK
CUST07603,SANAYE SOKHTE MORAKAB,0.00033646467884608977,SANCTIONED PERSON 1,OK
CUST07608,SHESHENYA ALEKSEY NIKOLAEVICH,0.00033646467884608977,SANCTIONED PERSON 1,OK
CUST07618,SHAHID BABAIE INDUSTRIAL COMPLEX,0.0027503120714242177,SANCTIONED PERSON 1,OK
CUST07623,SADID SAZEH PARVAZ SHARIF,0.00033646467884608977,SANCTIONED PERSON 1,OK
CUST07665,SIT TAING AUNG,0.0027503120714242177,SANCTIONED PERSON 1,OK
CUST07667,SIDYAKIN ALEXANDER GENNADIEVICH,0.00033646467884608977,SANCTIONED PERSON 1,OK
CUST07679,SATAR ABDUL,0.00033646467884608977,SANCTIONED PERSON 1,OK
CUST07718,SAMEN AL A-EMMEH INDUSTRIES GROUP,0.0027503120714242177,SANCTIONED PERSON 1,OK
CUST07720,SIKORSKIY aRTeM IGOREVICH,0.00033646467884608977,SANCTIONED PERSON 1,OK
CUST07733,SALMAN,0.00033646467884608977,SANCTIONED PERSON 1,OK
CUST07737,SHISHKINA ELENA NIKOLAYEVNA,0.0027503120714242177,SANCTIONED PERSON 1,OK
CUST07762,STREZHNEV DMITRIY STEPANOVICH,0.00033646467884608977,SANCTIONED PERSON 1,OK
CUST07825,SHMELEV DMITRY VLADIMIROVICH,0.0027503120714242177,SANCTIONED PERSON 1,OK
CUST07841,SORUH COMPANY,0.0027503120714242177,SANCTIONED PERSON 1,OK
CUST07847,SMT-AILOGIK,0.0027503120714242177,SANCTIONED PERSON 1,OK
CUST07866,SALIM AHMAD FUAD,0.00033646467884608977,SANCTIONED PERSON 1,OK
CUST07895,SULIMOV UMAR,0.00033646467884608977,SANCTIONED PERSON 1,OK
CUST07904,SAVELYEV DMITRY VLADIMIROVICH,0.0027503120714242177,SANCTIONED PERSON 1,OK
CUST07912,SOVKOMBANK,0.00033646467884608977,SANCTIONED PERSON 1,OK
CUST07917,SAPELIN ANDREY YURIEVICH,0.00033646467884608977,SANCTIONED PERSON 1,OK
CUST07920,SLOBODSKOY DMITRY aLeKSEYEVICH,0.00033646467884608977,SANCTIONED PERSON 1,OK
CUST07937,SHEPELEV ALEKSANDR SVYATASLAVAVICH,0.00033646467884608977,SANCTIONED PERSON 1,OK
CUST07953,SIVOKONENKO YURIY VIKTOROVICH,0.0027503120714242177,SANCTIONED PERSON 1,OK
CUST07962,SHAHESVARI HABIB,0.0027503120714242177,SANCTIONED PERSON 1,OK
CUST07964,SALAMÃ‰ RIAD,0.00033646467884608977,SANCTIONED PERSON 1,OK
CUST07965,SHEIKHNEJAD HASSAN,0.00033646467884608977,SANCTIONED PERSON 1,OK
CUST07976,SEDAQAT FARAJOLLAH,0.00033646467884608977,SANCTIONED PERSON 1,OK
CUST07993,SUAREZ CHOURIO JESUS RAFAEL,0.0027503120714242177,SANCTIONED PERSON 1,OK
CUST08010,SHPeROV PaVEL VALENTINOVICH,0.00033646467884608977,SANCTIONED PERSON 1,OK
CUST08028,SHANGOLE FUAD,0.00033646467884608977,SANCTIONED PERSON 1,OK
CUST08033,STROYGAZMONTAZH-MOST OOO (SGM-MOST OOO),0.00033646467884608977,SANCTIONED PERSON 1,OK
CUST08057,SANCHIK ALEXANDER SEMENOVICH,0.00033646467884608977,SANCTIONED PERSON 1,OK
CUST08058,SANTOS III (THIRD) HILARION,0.0027503120714242177,SANCTIONED PERSON 1,OK
CUST08066,SABALAN,0.0027503120714242177,SANCTIONED PERSON 1,OK
CUST08082,SOE THEIN,0.0027503120714242177,SANCTIONED PERSON 1,OK
CUST08087,STEPANOV VLADLEN YURYEVICH,0.00033646467884608977,SANCTIONED PERSON 1,OK
CUST08091,SHISHANI AKHMAD,0.00033646467884608977,SANCTIONED PERSON 1,OK
CUST08092,SAIFULLAH QARI,0.00033646467884608977,SANCTIONED PERSON 1,OK
CUST08095,SINITSYN ALEKSEI VLADIMIROVICH,0.00033646467884608977,SANCTIONED PERSON 1,OK
CUST08119,SAMOFAL ALEXANDER,0.00033646467884608977,SANCTIONED PERSON 1,OK
CUST08138,ST. PETERSBURG CURRENCY EXCHANGE (JSC SPCEX),0.0027503120714242177,SANCTIONED PERSON 1,OK
CUST08150,SaHIB SHAYKH,0.00033646467884608977,SANCTIONED PERSON 1,OK
CUST08193,SHESHENYA ALEXEY NIKOLAYEVICH,0.0027503120714242177,SANCTIONED PERSON 1,OK
CUST08210,SaVeLYEV OLEG GENRIKHOVICH,0.00033646467884608977,SANCTIONED PERSON 1,OK
CUST08220,SeRGEYENKO IGOR PETROVICH,0.00033646467884608977,SANCTIONED PERSON 1,OK
CUST08228,SCHILER NOVIN CO.,0.0027503120714242177,SANCTIONED PERSON 1,OK
CUST08243,SOURI HOJATOLLAH KHODAEI,0.00033646467884608977,SANCTIONED PERSON 1,OK
CUST08248,SAEED HAFEZ MOHAMMAD,0.00033646467884608977,SANCTIONED PERSON 1,OK
CUST08261,SHESHENIA ALEKSEI NIKOLAYEVICH,0.0027503120714242177,SANCTIONED PERSON 1,OK
CUST08263,SHIRAZ ELECTRONICS INDUSTRY CO.,0.0027503120714242177,SANCTIONED PERSON 1,OK
CUST08273,STANEX GROUP LIMITED LIABILITY PARTNERSHIP,0.00033646467884608977,SANCTIONED PERSON 1,OK
CUST08304,SANSRI,0.0027503120714242177,SANCTIONED PERSON 1,OK
CUST08310,SIVKOVICH VLaDIMIR LeONIDOVICH,0.00033646467884608977,SANCTIONED PERSON 1,OK
CUST08321,STRATEGIC CULTURE FOUNDATION,0.00033646467884608977,SANCTIONED PERSON 1,OK
CUST08325,SIBANTHRACITE GROUP,0.00033646467884608977,SANCTIONED PERSON 1,OK
CUST08339,SIPYAGIN VLADIMIR VLADIMIROVICH,0.00033646467884608977,SANCTIONED PERSON 1,OK
CUST08341,SOLNTSEV EVGENIY ALEKSANDROVICH,0.00033646467884608977,SANCTIONED PERSON 1,OK
CUST08350,SHCHeRBaKOV SERHII OLEKSIIVICH,0.00033646467884608977,SANCTIONED PERSON 1,OK
CUST08373,SKABEYEVA OLGA VLADIMIROVNA,0.00033646467884608977,SANCTIONED PERSON 1,OK
CUST08383,SCIENTIFIC STUDIES AND RESEARCH CENTRE (SSRC),0.0027503120714242177,SANCTIONED PERSON 1,OK
CUST08399,SHE DYLAN,0.00033646467884608977,SANCTIONED PERSON 1,OK
CUST08414,SAQIB NOOR MOHAMMAD,0.00033646467884608977,SANCTIONED PERSON 1,OK
CUST08421,SARKEES NAZEERA FARAH,0.00033646467884608977,SANCTIONED PERSON 1,OK
CUST08430,SHaH MOHAMMeD,0.00033646467884608977,SANCTIONED PERSON 1,OK
CUST08457,SHAMSEDDIN SEYED,0.00033646467884608977,SANCTIONED PERSON 1,OK
CUST08472,SVOBODNY DONBASS,0.00033646467884608977,SANCTIONED PERSON 1,OK
CUST08480,SHaH NAWAZ RAHMATULLAH,0.00033646467884608977,SANCTIONED PERSON 1,OK
CUST08487,SIAL SAMAD,0.00033646467884608977,SANCTIONED PERSON 1,OK
CUST08489,SAID MAHMOUD IBRAHEEM,0.0027503120714242177,SANCTIONED PERSON 1,OK
CUST08524,SIDDIQMAL MOHAMMAD SARWAR,0.00033646467884608977,SANCTIONED PERSON 1,OK
CUST08531,SOLODOV VLADIMIR VIKTOROVICH,0.0027503120714242177,SANCTIONED PERSON 1,OK
CUST08532,SVETLOV VYACHESLAV EVGENIEVICH,0.00033646467884608977,SANCTIONED PERSON 1,OK
CUST08561,SHESHENIA ALEKSEY NIKOLAYEVICH,0.0027503120714242177,SANCTIONED PERSON 1,OK
CUST08569,SIARHEENKA IGOR PETROVICH,0.00033646467884608977,SANCTIONED PERSON 1,OK
CUST08570,SaFIYeH HASSAN,0.00033646467884608977,SANCTIONED PERSON 1,OK
CUST08573,SHMELEV DMITRY VLADIMIROVICH,0.0027503120714242177,SANCTIONED PERSON 1,OK
CUST08619,SHTEFIRTSA GEMMA YURIEVNA,0.00033646467884608977,SANCTIONED PERSON 1,OK
CUST08628,SPASSKIY NIKOLAI,0.0027503120714242177,SANCTIONED PERSON 1,OK
CUST08635,SALME ADIB NIMR,0.00033646467884608977,SANCTIONED PERSON 1,OK
CUST08641,SPECIAL DIVISION OF FIRST RESPONDERS,0.00033646467884608977,SANCTIONED PERSON 1,OK
CUST08642,SOE KHIN MAUNG,0.00033646467884608977,SANCTIONED PERSON 1,OK
CUST08650,SaNCHIK ALeXANDER SEMYONOVICH,0.00033646467884608977,SANCTIONED PERSON 1,OK
CUST08658,SARKIS NADHEERA FARAH,0.00033646467884608977,SANCTIONED PERSON 1,OK
CUST08662,SALIM AHMED FUAD,0.00033646467884608977,SANCTIONED PERSON 1,OK
CUST08691,SALDO VOLODYMIR VASILYOVICH,0.00033646467884608977,SANCTIONED PERSON 1,OK
CUST08693,STEPANOV VLADLEN YURIEVICH,0.00033646467884608977,SANCTIONED PERSON 1,OK
CUST08698,SUKKAR HUSAM,0.00033646467884608977,SANCTIONED PERSON 1,OK
CUST08711,SOLOVIEV YURI ALEKSEYEVICH,0.0027503120714242177,SANCTIONED PERSON 1,OK
CUST08726,"SO CALLED ""DONBASS PEOPLEÂ€™S MILITIA""",0.0027503120714242177,SANCTIONED PERSON 1,OK
CUST08732,SERGEYENKO IGOR PIATROVICH,0.0027503120714242177,SANCTIONED PERSON 1,OK
CUST08740,SaLIM AHMeD FUAD,0.00033646467884608977,SANCTIONED PERSON 1,OK
CUST08741,SOLNTSEV EVGENIY ALEKSANDROVICH,0.00033646467884608977,SANCTIONED PERSON 1,OK
CUST08743,SANCHIK ALEXANDER SEMYONOVICH,0.00033646467884608977,SANCTIONED PERSON 1,OK
CUST08746,SIT TAING AUNG,0.0027503120714242177,SANCTIONED PERSON 1,OK
CUST08756,SETA ABU,0.0027503120714242177,SANCTIONED PERSON 1,OK
CUST08769,SOBAEKSU UNITED CORP.,0.00033646467884608977,SANCTIONED PERSON 1,OK
CUST08778,SANAEV IVAN VLADIMIROVICH,0.0027503120714242177,SANCTIONED PERSON 1,OK
CUST08789,SHEVCHENKO IGOR SERGEIVICH,0.0027503120714242177,SANCTIONED PERSON 1,OK
CUST08794,SEMENOV DMITRII ALEKSANDROVICH,0.00033646467884608977,SANCTIONED PERSON 1,OK
CUST08796,SEDOV ALEXEI SEMENOVICH,0.00033646467884608977,SANCTIONED PERSON 1,OK
CUST08808,SOLODUN GALINA NIKOLAYEVNA,0.00033646467884608977,SANCTIONED PERSON 1,OK
CUST08827,STANKEVICH SERGEY NIKOLAYEVICH,0.00033646467884608977,SANCTIONED PERSON 1,OK
CUST08835,SAHRAOUI NESSIM BEN ROMDHANE,0.00033646467884608977,SANCTIONED PERSON 1,OK
CUST08837,SAEED MUHAMMAD,0.0027503120714242177,SANCTIONED PERSON 1,OK
CUST08865,SANAD PROTECTION AND SECURITY SERVICES,0.0027503120714242177,SANCTIONED PERSON 1,OK
CUST08866,SLIZHEUSKIY ALEH LEANIDAVICH,0.00033646467884608977,SANCTIONED PERSON 1,OK
CUST08893,SHAH MOHAMMED,0.0027503120714242177,SANCTIONED PERSON 1,OK
CUST08896,SHAHADAH RAFEEQ,0.00033646467884608977,SANCTIONED PERSON 1,OK
CUST08913,SECHIN IVAN IGOREVICH,0.0027503120714242177,SANCTIONED PERSON 1,OK
CUST08915,SERYOZHENKO ALEXANDER ANATOLIEVICH,0.0027503120714242177,SANCTIONED PERSON 1,OK
CUST08929,"SHANGHAI NEW CHESS INT'L LOGISTICS CO., LTD.",0.0027503120714242177,SANCTIONED PERSON 1,OK
CUST08949,SHEVTSOV VADIM GHEORGHIEVICI,0.0027503120714242177,SANCTIONED PERSON 1,OK
CUST08952,SALEH MOHAMMED ABDEL-HALIM HEMAIDA,0.00033646467884608977,SANCTIONED PERSON 1,OK
CUST08960,SaLYAYeV ALEKSEY MIKHAILOVICH,0.00033646467884608977,SANCTIONED PERSON 1,OK
CUST08979,SHADAYEV MAKSUT,0.0027503120714242177,SANCTIONED PERSON 1,OK
CUST08989,SHULIAKOUSKI ALEH MIKALAEVICH,0.00033646467884608977,SANCTIONED PERSON 1,OK
CUST09002,SYTYI DMITRI,0.00033646467884608977,SANCTIONED PERSON 1,OK
CUST09017,STATE CONCERN 'NATIONAL ASSOCIATION OF PRODUCERS 'MASSANDRA',0.00033646467884608977,SANCTIONED PERSON 1,OK
CUST09043,SAM MA 2,0.00033646467884608977,SANCTIONED PERSON 1,OK
CUST09057,SALEH ABU,0.00033646467884608977,SANCTIONED PERSON 1,OK
CUST09059,SAHIB HAFIZ MOHAMMAD,0.00033646467884608977,SANCTIONED PERSON 1,OK
CUST09074,SHCHERBAKOV SERGEY ALEKSEEVICH,0.00033646467884608977,SANCTIONED PERSON 1,OK
CUST09085,SALAMI HOSEIN,0.0027503120714242177,SANCTIONED PERSON 1,OK
CUST09087,SANTOSO WIJIJOKO,0.0027503120714242177,SANCTIONED PERSON 1,OK
CUST09090,SaLMAN ABU,0.00033646467884608977,SANCTIONED PERSON 1,OK
CUST09104,SP INTEGRAL SPB AO,0.00033646467884608977,SANCTIONED PERSON 1,OK
CUST09114,SAMOFAL ALEXANDER,0.0027503120714242177,SANCTIONED PERSON 1,OK
CUST09136,SUROVIKIN SERGEI VLADIMIROVICH,0.0027503120714242177,SANCTIONED PERSON 1,OK
CUST09157,SYTYI DMITRI,0.00033646467884608977,SANCTIONED PERSON 1,OK
CUST09159,SHADURA VADIM EVGENIEVICH,0.0027503120714242177,SANCTIONED PERSON 1,OK
CUST09168,SOBOLEV IGOR VITALYEVICH,0.0027503120714242177,SANCTIONED PERSON 1,OK
CUST09172,SOCIETY OF OFFICERS FOR INTERNATIONAL SECURITY LLP,0.00033646467884608977,SANCTIONED PERSON 1,OK
CUST09176,SUAREZ CHOURIO JESUS RAFAEL,0.00033646467884608977,SANCTIONED PERSON 1,OK
CUST09187,SAADATI MAHMOUD,0.00033646467884608977,SANCTIONED PERSON 1,OK
CUST09205,SHETAB GAMAN,0.00033646467884608977,SANCTIONED PERSON 1,OK
CUST09230,SIDOROV ILIa VLADIMIROVICH,0.00033646467884608977,SANCTIONED PERSON 1,OK
CUST09235,SHADARI EMMANUEL RAMAZANI,0.00033646467884608977,SANCTIONED PERSON 1,OK
CUST09243,SELIVANOVA ANASTASIA YURIEVNA,0.00033646467884608977,SANCTIONED PERSON 1,OK
CUST09263,SPVB,0.0027503120714242177,SANCTIONED PERSON 1,OK
CUST09264,SHAMBAZOV ARTUR RINATOVICH,0.00033646467884608977,SANCTIONED PERSON 1,OK
CUST09274,SAMOKISH VLADIMIR IGOREVICH,0.00033646467884608977,SANCTIONED PERSON 1,OK
CUST09301,STATE UNITARY ENTERPRISE OF THE 'REPUBLIC OF CRIMEA' NATIONAL INSTITUTE OF WINE 'MAGARACH',0.00033646467884608977,SANCTIONED PERSON 1,OK
CUST09303,SABOUNI IMAD ABDUL GHANI,0.0027503120714242177,SANCTIONED PERSON 1,OK
CUST09308,SAMEN INDUSTRIES,0.00033646467884608977,SANCTIONED PERSON 1,OK
CUST09332,SMIRNOV ALEXANDER VLADIMIROVICH,0.0027503120714242177,SANCTIONED PERSON 1,OK
CUST09346,SCIENTIFIC RESEARCH COUNCIL (SRC),0.0027503120714242177,SANCTIONED PERSON 1,OK
CUST09355,STAFF,0.00033646467884608977,SANCTIONED PERSON 1,OK
CUST09361,SC SOUTH LLC,0.00033646467884608977,SANCTIONED PERSON 1,OK
CUST09363,SHAMSABADI HOSSEIN,0.00033646467884608977,SANCTIONED PERSON 1,OK
CUST09369,SAHEL CONSULTANT ENGINEERS,0.00033646467884608977,SANCTIONED PERSON 1,OK
CUST09370,SaLYAYeV ALEXEI MIKHAILOVICH,0.00033646467884608977,SANCTIONED PERSON 1,OK
CUST09386,SHUVALOV VADIM NIKOLAEVICH,0.0027503120714242177,SANCTIONED PERSON 1,OK
CUST09390,SaLDO VLADIMIR,0.00033646467884608977,SANCTIONED PERSON 1,OK
CUST09391,SAFETY EQUIPMENT PROCUREMENT INC.,0.00033646467884608977,SANCTIONED PERSON 1,OK
CUST09397,SOFACY GROUP,0.0027503120714242177,SANCTIONED PERSON 1,OK
CUST09398,SELIVANOVA ANASTASIA YURIEVNA,0.00033646467884608977,SANCTIONED PERSON 1,OK
CUST09434,SHLASH MUSHARI ABD AZIZ SALEH,0.00033646467884608977,SANCTIONED PERSON 1,OK
CUST09444,SOURI HOJATOLLAH KHODAEI,0.0027503120714242177,SANCTIONED PERSON 1,OK
CUST09457,SUN MIDDLE EAST FZCO,0.0027503120714242177,SANCTIONED PERSON 1,OK
CUST09461,SAAL FARED,0.00033646467884608977,SANCTIONED PERSON 1,OK
CUST09462,STRONITIUM,0.00033646467884608977,SANCTIONED PERSON 1,OK
CUST09476,SHCHAPOV MIKHAIL VIKTOROVICH,0.00033646467884608977,SANCTIONED PERSON 1,OK
CUST09491,SERGEYENKO IGOR PETROVICH,0.00033646467884608977,SANCTIONED PERSON 1,OK
CUST09514,SULEIMAN NA'IM JASEM,0.0027503120714242177,SANCTIONED PERSON 1,OK
CUST09522,SIDYAKIN ALEXANDER GENNADIEVICH,0.00033646467884608977,SANCTIONED PERSON 1,OK
CUST09526,SALMAN MU'ALIM,0.00033646467884608977,SANCTIONED PERSON 1,OK
CUST09536,SHCHETININ ALEKSEY YEVGENEVICH,0.00033646467884608977,SANCTIONED PERSON 1,OK
CUST09540,SeTH BaDA,0.00033646467884608977,SANCTIONED PERSON 1,OK
CUST09542,SIN KYU-NAM,0.00033646467884608977,SANCTIONED PERSON 1,OK
CUST09545,STANISHLAUCHYK VIKTOR IVANOVICH,0.0027503120714242177,SANCTIONED PERSON 1,OK
CUST09560,STReLCHUK NaTALYA IVANOVNA,0.00033646467884608977,SANCTIONED PERSON 1,OK
CUST09576,SP INTEGRAL SPB AO,0.00033646467884608977,SANCTIONED PERSON 1,OK
CUST09579,SETA ABU,0.00033646467884608977,SANCTIONED PERSON 1,OK
CUST09585,SHULIAKOUSKI OLEG NIKOLAEVICH,0.00033646467884608977,SANCTIONED PERSON 1,OK
CUST09586,SAIYID ABDUL MAN'AM,0.00033646467884608977,SANCTIONED PERSON 1,OK
CUST09593,STANKEVICH YURY ARKADIEVICH,0.0027503120714242177,SANCTIONED PERSON 1,OK
CUST09594,SOVKOMBANK,0.00033646467884608977,SANCTIONED PERSON 1,OK
CUST09600,SaLeH SALIM,0.00033646467884608977,SANCTIONED PERSON 1,OK
CUST09623,STANEX GROUP,0.00033646467884608977,SANCTIONED PERSON 1,OK
CUST09629,SATAR ABDUL,0.00033646467884608977,SANCTIONED PERSON 1,OK
CUST09640,SaLAHUDIN,0.00033646467884608977,SANCTIONED PERSON 1,OK
CUST09665,SALME MOHAMMED ADIB,0.0027503120714242177,SANCTIONED PERSON 1,OK
CUST09669,STRONITIUM,0.00033646467884608977,SANCTIONED PERSON 1,OK
CUST09673,SALEH ABU,0.00033646467884608977,SANCTIONED PERSON 1,OK
CUST09674,SANAYE METOLOGIE IRAN,0.00033646467884608977,SANCTIONED PERSON 1,OK
CUST09686,SEDOV ALEXEI SEMENOVICH,0.0027503120714242177,SANCTIONED PERSON 1,OK
CUST09687,SKYPARTS INC OU,0.0027503120714242177,SANCTIONED PERSON 1,OK
CUST09688,SMIRNOV VIKTOR VLADIMIROVICH,0.00033646467884608977,SANCTIONED PERSON 1,OK
CUST09691,SHKOLOV EVGENIY MIKHAILOVICH,0.00033646467884608977,SANCTIONED PERSON 1,OK
CUST09705,SU MADAME,0.0027503120714242177,SANCTIONED PERSON 1,OK
CUST09707,SLYUSAR YURY BORISOVICH,0.00033646467884608977,SANCTIONED PERSON 1,OK
CUST09722,SHETAB GAMAN,0.00033646467884608977,SANCTIONED PERSON 1,OK
CUST09725,SHULIAKOUSKI ALEH MIKALAEVICH,0.00033646467884608977,SANCTIONED PERSON 1,OK
CUST09728,SHULEYKO YURI VITOLDOVICH,0.00033646467884608977,SANCTIONED PERSON 1,OK
CUST09736,SAFIYE HASSAN,0.0027503120714242177,SANCTIONED PERSON 1,OK
CUST09749,SHAHADA RAFIQ,0.0027503120714242177,SANCTIONED PERSON 1,OK
CUST09752,STATE ADMINISTRATION COUNCIL,0.00033646467884608977,SANCTIONED PERSON 1,OK
CUST09753,STRATEGIC ROCKET FORCE,0.00033646467884608977,SANCTIONED PERSON 1,OK
CUST09777,SALIM AHMED FUAD,0.00033646467884608977,SANCTIONED PERSON 1,OK
CUST09781,SHUVALOVA MARIA IGOREVNA,0.00033646467884608977,SANCTIONED PERSON 1,OK
CUST09789,SUKAR HUSAM,0.00033646467884608977,SANCTIONED PERSON 1,OK
CUST09792,SAMAN NASB ZAYENDEH ROOD,0.00033646467884608977,SANCTIONED PERSON 1,OK
CUST09799,SMIRNOVA NATALYA IVANOVA,0.00033646467884608977,SANCTIONED PERSON 1,OK
CUST09807,SIMANOVSKY LEONID YAKOVLEVICH,0.0027503120714242177,SANCTIONED PERSON 1,OK
CUST09808,SDA,0.00033646467884608977,SANCTIONED PERSON 1,OK
CUST09816,SPIRIDONOV ALEXANDER YURIEVICH,0.00033646467884608977,SANCTIONED PERSON 1,OK
CUST09824,SIVAKOV IURY LEANIDAVICH,0.00033646467884608977,SANCTIONED PERSON 1,OK
CUST09829,SON CHOL JU,0.0027503120714242177,SANCTIONED PERSON 1,OK
CUST09846,STRIX,0.00033646467884608977,SANCTIONED PERSON 1,OK
CUST09849,SOURUH COMPANY,0.0027503120714242177,SANCTIONED PERSON 1,OK
CUST09869,SHAWKAT BOUCHRA,0.00033646467884608977,SANCTIONED PERSON 1,OK
CUST09871,SHARIF UNIVERSITY OF TECHNOLOGY,0.00033646467884608977,SANCTIONED PERSON 1,OK
CUST09896,SHADARI RAMAZANI,0.00033646467884608977,SANCTIONED PERSON 1,OK
CUST09912,SIARHEENKA IHAR PIATROVICH,0.00033646467884608977,SANCTIONED PERSON 1,OK
CUST09913,SHEIMAN VIKTOR ULADIMIRAVICH,0.00033646467884608977,SANCTIONED PERSON 1,OK
CUST09915,SALEH,0.00033646467884608977,SANCTIONED PERSON 1,OK
CUST09920,SHaYKU,0.00033646467884608977,SANCTIONED PERSON 1,OK
CUST09944,STESHIN DMITRY ANATOLYEVICH,0.00033646467884608977,SANCTIONED PERSON 1,OK
CUST09946,"SHANGHAI NEW QISHI INTERNATIONAL LOGISTICS CO., LTD.",0.00033646467884608977,SANCTIONED PERSON 1,OK
CUST09956,SHETAB TRADING,0.00033646467884608977,SANCTIONED PERSON 1,OK
CUST09979,SERGYAENKA IHAR PIATROVICH,0.00033646467884608977,SANCTIONED PERSON 1,OK
CUST09996,SELESELAT AL-THAHAB,0.00033646467884608977,SANCTIONED PERSON 1,OK
CUST10005,SHAHADEH RAFIQ,0.0027503120714242177,SANCTIONED PERSON 1,OK
CUST10017,SHESHENYA ALEXEY NIKOLAYEVICH,0.00033646467884608977,SANCTIONED PERSON 1,OK
CUST10058,SHABUNYA VICTORIA VALERYEUNA,0.00033646467884608977,SANCTIONED PERSON 1,OK
CUST10074,SARFADI EHSANULLAH,0.00033646467884608977,SANCTIONED PERSON 1,OK
CUST10075,SERGUN NATALYA VLADIMIROVNA,0.00033646467884608977,SANCTIONED PERSON 1,OK
CUST10096,SERGEYENKO IHAR PIATROVICH,0.00033646467884608977,SANCTIONED PERSON 1,OK
CUST10105,SALAS GERMAN ENRIQUE RUBIO,0.00033646467884608977,SANCTIONED PERSON 1,OK
CUST10127,SHSHADAH RAFIQ,0.0027503120714242177,SANCTIONED PERSON 1,OK
CUST10128,SMART TRADING TRANSPORTATION INDUSTRY AND TRADE LIMITED COMPANY,0.00033646467884608977,SANCTIONED PERSON 1,OK
CUST10129,SHAMBAZOV ARTUR RINATOVICH,0.0027503120714242177,SANCTIONED PERSON 1,OK
CUST10132,SHESHENIA ALEXEY NIKOLAYEVICH,0.0027503120714242177,SANCTIONED PERSON 1,OK
CUST10142,SAMAN NUR GOSIL,0.00033646467884608977,SANCTIONED PERSON 1,OK
CUST10146,SAM MA 2,0.0027503120714242177,SANCTIONED PERSON 1,OK
CUST10151,SCHILLER NOVIN,0.00033646467884608977,SANCTIONED PERSON 1,OK
CUST10154,SHAHADEH RAFEEQ,0.00033646467884608977,SANCTIONED PERSON 1,OK
CUST10155,STATE-OWNED ENTERPRISE PERM POWDER PLANT,0.0027503120714242177,SANCTIONED PERSON 1,OK
CUST10163,SAPICO,0.00033646467884608977,SANCTIONED PERSON 1,OK
CUST10171,SOLVENT DISCOVERER,0.0027503120714242177,SANCTIONED PERSON 1,OK
CUST10175,SHAHID BABAIE INDUSTRIES COMPLEX,0.00033646467884608977,SANCTIONED PERSON 1,OK
CUST10176,SABRI DAWOOD,0.00033646467884608977,SANCTIONED PERSON 1,OK
CUST10184,SO SANG-KUK,0.00033646467884608977,SANCTIONED PERSON 1,OK
CUST10198,SINWAR YEHIA,0.00033646467884608977,SANCTIONED PERSON 1,OK
CUST10199,SERYOZHENKO ALEXANDER ANATOLIEVICH,0.00033646467884608977,SANCTIONED PERSON 1,OK
CUST10226,SHKOLKINA NADEZHDA VASILIEVNA,0.00033646467884608977,SANCTIONED PERSON 1,OK
CUST10232,SHOIGU SERGEI KUZHUGETOVICH,0.00033646467884608977,SANCTIONED PERSON 1,OK
CUST10252,SKAKOVSKAYA LYUDMILA NIKOLAYEVNA,0.00033646467884608977,SANCTIONED PERSON 1,OK
CUST10265,SABINOV ANDREY,0.00033646467884608977,SANCTIONED PERSON 1,OK
CUST10269,SWAN ENERGY,0.00033646467884608977,SANCTIONED PERSON 1,OK
CUST10282,"SHANGHAI NEW QISHI INTERNATIONAL LOGISTICS CO., LTD.",0.00033646467884608977,SANCTIONED PERSON 1,OK
CUST10286,SULEIMAN MA'ALIM,0.00033646467884608977,SANCTIONED PERSON 1,OK
CUST10291,SETH BADA,0.0027503120714242177,SANCTIONED PERSON 1,OK
CUST10296,SKRIVANOV DMITRY STANISLAVOVICH,0.00033646467884608977,SANCTIONED PERSON 1,OK
CUST10313,SALAVATI ABLOQASEM,0.00033646467884608977,SANCTIONED PERSON 1,OK
CUST10317,SHAMSHIRI ALI,0.00033646467884608977,SANCTIONED PERSON 1,OK
CUST10324,SHAHID AHMAD KAZEMI INDUSTRIES GROUP,0.00033646467884608977,SANCTIONED PERSON 1,OK
CUST10328,SHA'BAN ADIB,0.0027503120714242177,SANCTIONED PERSON 1,OK
CUST10333,SAMEN INDUSTRIES,0.0027503120714242177,SANCTIONED PERSON 1,OK
CUST10411,SULTANA AOZMA,0.00033646467884608977,SANCTIONED PERSON 1,OK
CUST10430,SHIROKOV aNATOLY IVANOVICH,0.00033646467884608977,SANCTIONED PERSON 1,OK
CUST10437,SALIWA RUDI,0.0027503120714242177,SANCTIONED PERSON 1,OK
CUST10439,STEP STANDART TEKNIK PARCA SAN VE TIC,0.00033646467884608977,SANCTIONED PERSON 1,OK
CUST10450,SUMaRSONO ARIS,0.00033646467884608977,SANCTIONED PERSON 1,OK
CUST10460,SIDYaKIN ALeXANDER GENNADIEVICH,0.00033646467884608977,SANCTIONED PERSON 1,OK
CUST10474,STRUCTURA NATIONAL TECHNOLOGIES,0.0027503120714242177,SANCTIONED PERSON 1,OK
CUST10483,SIDI SOULEYMANE BI,0.0027503120714242177,SANCTIONED PERSON 1,OK
CUST10491,SHOOTER,0.00033646467884608977,SANCTIONED PERSON 1,OK
CUST10504,SASAD IRAN ELECTRONIC INDUSTRIES,0.00033646467884608977,SANCTIONED PERSON 1,OK
CUST10510,SHaH NAWAZ RAHMATULLAH,0.00033646467884608977,SANCTIONED PERSON 1,OK
CUST10524,SIVOKONENKO YURY,0.00033646467884608977,SANCTIONED PERSON 1,OK
CUST10545,SPETSSVYAZ,0.00033646467884608977,SANCTIONED PERSON 1,OK
CUST10558,SALIM AMMI,0.0027503120714242177,SANCTIONED PERSON 1,OK
CUST10584,SAIFUDING,0.0027503120714242177,SANCTIONED PERSON 1,OK
CUST10587,SKRYPNIK KONSTANTIN EVGENIEVICH,0.0027503120714242177,SANCTIONED PERSON 1,OK
CUST10590,SOPeLNIK aNDREI FIODOROVICH,0.00033646467884608977,SANCTIONED PERSON 1,OK
CUST10599,SHEHBAZ MALIK ZAFAR IQBAL,0.00033646467884608977,SANCTIONED PERSON 1,OK
CUST10623,SOULEIMAN ABOU,0.0027503120714242177,SANCTIONED PERSON 1,OK
CUST10627,SAIID MAHMOUD IBRAHEEM,0.0027503120714242177,SANCTIONED PERSON 1,OK
CUST10628,SIREGAR SALEH PARLINDUNGAN,0.0027503120714242177,SANCTIONED PERSON 1,OK
CUST10654,SHUBIN IGOR NIKOLAEVICH,0.00033646467884608977,SANCTIONED PERSON 1,OK
CUST10697,STEP STANDART TEKNIK PARCA SAN VE TIC,0.00033646467884608977,SANCTIONED PERSON 1,OK
CUST10699,SOUSSOU HABIB,0.0027503120714242177,SANCTIONED PERSON 1,OK
CUST10708,SILSILAT MONEY EXCHANGE COMPANY,0.00033646467884608977,SANCTIONED PERSON 1,OK
CUST10713,SUPREME COUNCIL OF THE CULTURAL REVOLUTION,0.00033646467884608977,SANCTIONED PERSON 1,OK
CUST10717,SIMIGIN PAVEL VLADIMIROVICH,0.00033646467884608977,SANCTIONED PERSON 1,OK
CUST10718,SEDLETSKIY VALERI,0.00033646467884608977,SANCTIONED PERSON 1,OK
CUST10719,SIGIDINA OKSANA VIKTOROVNA,0.00033646467884608977,SANCTIONED PERSON 1,OK
CUST10729,SECHIN IGOR,0.0027503120714242177,SANCTIONED PERSON 1,OK
CUST10731,SALMAN MU'ALIM,0.0027503120714242177,SANCTIONED PERSON 1,OK
CUST10738,SEMISOTOV NIKOLAI PETROVICH,0.00033646467884608977,SANCTIONED PERSON 1,OK
CUST10745,SHELOMOV MIKHAIL LVOVICH,0.0027503120714242177,SANCTIONED PERSON 1,OK
CUST10754,SCHMUCKI ANSELM OSKAR,0.00033646467884608977,SANCTIONED PERSON 1,OK
CUST10802,SAVIN ALEKSANDR ALEXANDROVICH,0.00033646467884608977,SANCTIONED PERSON 1,OK
CUST10804,SANNA SOLAT,0.0027503120714242177,SANCTIONED PERSON 1,OK
CUST10810,SHaH NAWAZ RAHMATULLAH,0.00033646467884608977,SANCTIONED PERSON 1,OK
CUST10844,SECHIN IVAN IGOREVICH,0.00033646467884608977,SANCTIONED PERSON 1,OK
CUST10853,SHANGHAI DONGFENG SHIPPING CO LTD,0.0027503120714242177,SANCTIONED PERSON 1,OK
CUST10860,SHVYTKIN YURY NIKOLaeVICH,0.00033646467884608977,SANCTIONED PERSON 1,OK
CUST10865,SHAHEEN JAMAL SHAABAN,0.00033646467884608977,SANCTIONED PERSON 1,OK
CUST10879,SARAYAT AL QUDS,0.0027503120714242177,SANCTIONED PERSON 1,OK
CUST10896,SELIN VLADIMIR VIKTOROVICH,0.00033646467884608977,SANCTIONED PERSON 1,OK
CUST10903,STONE PANDA,0.00033646467884608977,SANCTIONED PERSON 1,OK
CUST10925,SHANGOLE FUAD,0.00033646467884608977,SANCTIONED PERSON 1,OK
CUST10941,SALAMEH MOHAMMED ADIB,0.0027503120714242177,SANCTIONED PERSON 1,OK
CUST10943,SANAM INDUSTRIES GROUP,0.00033646467884608977,SANCTIONED PERSON 1,OK
CUST10949,SONGALE FUAD,0.00033646467884608977,SANCTIONED PERSON 1,OK
CUST10951,SHADARY EMMANUEL RAMAZANI,0.0027503120714242177,SANCTIONED PERSON 1,OK
CUST10968,SAEED HAFIZ MUHAMMAD,0.00033646467884608977,SANCTIONED PERSON 1,OK
CUST10971,SHISHANI UMAR,0.00033646467884608977,SANCTIONED PERSON 1,OK
CUST10973,SAHIRON RADULLAN,0.00033646467884608977,SANCTIONED PERSON 1,OK
CUST10979,SOROH AL CHAM COMPANY,0.00033646467884608977,SANCTIONED PERSON 1,OK
CUST10982,SADIKOV ALEKSEY LVOVICH,0.00033646467884608977,SANCTIONED PERSON 1,OK
CUST10998,SA'D ABU,0.00033646467884608977,SANCTIONED PERSON 1,OK
CUST11018,SANTOS III (THIRD) HILARION DEL ROSARIO,0.00033646467884608977,SANCTIONED PERSON 1,OK
CUST11021,SARAFRAZ MOHAMMAD,0.00033646467884608977,SANCTIONED PERSON 1,OK
CUST11025,SIMONYAN MARGARITA SIMONOVNA,0.0027503120714242177,SANCTIONED PERSON 1,OK
CUST11026,SIN KYU-NAM,0.0027503120714242177,SANCTIONED PERSON 1,OK
CUST11069,SHAM HOLDING COMPANY SAL,0.00033646467884608977,SANCTIONED PERSON 1,OK
CUST11081,SID3RUN,0.0027503120714242177,SANCTIONED PERSON 1,OK
CUST11082,SEMIGIN GENNADY YURIEVICH,0.00033646467884608977,SANCTIONED PERSON 1,OK
CUST11104,SMT-AILOGIK,0.00033646467884608977,SANCTIONED PERSON 1,OK
CUST11109,SAHEL CONSULTANT ENGINEERS,0.0027503120714242177,SANCTIONED PERSON 1,OK
CUST11125,SYTYI DMITRI,0.0027503120714242177,SANCTIONED PERSON 1,OK
CUST11136,SAYED SADUDIN,0.00033646467884608977,SANCTIONED PERSON 1,OK
CUST11139,SOLTANI SEYED MOHAMMAD,0.0027503120714242177,SANCTIONED PERSON 1,OK
CUST11146,SAHEL CONSULTANT ENGINEERS,0.00033646467884608977,SANCTIONED PERSON 1,OK
CUST11174,SPECIAL RESPONSE UNIT CHECHNYA,0.00033646467884608977,SANCTIONED PERSON 1,OK
CUST11203,SCHILLER NOVIN,0.00033646467884608977,SANCTIONED PERSON 1,OK
CUST11214,SOLTANI SEYED MOHAMMAD,0.0027503120714242177,SANCTIONED PERSON 1,OK
CUST11215,SANAM INDUSTRIES GROUP,0.0027503120714242177,SANCTIONED PERSON 1,OK
CUST11216,SOVOKONENKO YURIY VIKTOROVICH,0.00033646467884608977,SANCTIONED PERSON 1,OK
CUST11218,STEP ISTANBUL/STANDART TEKNIK PARCA SAN. VE TIC. A.S.,0.00033646467884608977,SANCTIONED PERSON 1,OK
CUST11234,SAEED MUHAMMAD,0.00033646467884608977,SANCTIONED PERSON 1,OK
CUST11242,SHEYNIN ARTYOM GRIGORYEVICH,0.00033646467884608977,SANCTIONED PERSON 1,OK
CUST11258,SALAMÃ‰ RIAD,0.00033646467884608977,SANCTIONED PERSON 1,OK
CUST11262,SANAM INDUSTRIAL GROUP,0.00033646467884608977,SANCTIONED PERSON 1,OK
CUST11281,SHERIDAN BRIAN ANTHONY,0.0027503120714242177,SANCTIONED PERSON 1,OK
CUST11282,SHEN ZHONG INTERNATIONAL SHIPPING,0.00033646467884608977,SANCTIONED PERSON 1,OK
CUST11286,SAD EXPORT IMPORT COMPANY,0.00033646467884608977,SANCTIONED PERSON 1,OK
CUST11315,SVIRIDENKO OLEG MIKHAILOVICH,0.00033646467884608977,SANCTIONED PERSON 1,OK
CUST11347,SON CHOL-JU,0.0027503120714242177,SANCTIONED PERSON 1,OK
CUST11360,SHaHADA RAFeEQ,0.00033646467884608977,SANCTIONED PERSON 1,OK
CUST11362,SHUVALOV EVGENY IGOREVICH,0.0027503120714242177,SANCTIONED PERSON 1,OK
CUST11364,SANTOS III (THIRD) HILARION,0.0027503120714242177,SANCTIONED PERSON 1,OK
CUST11392,SAMARA METALLURGICAL PLANT,0.00033646467884608977,SANCTIONED PERSON 1,OK
CUST11414,SHCHERBAKOV ALEXANDER VLADIMIROVICH,0.00033646467884608977,SANCTIONED PERSON 1,OK
CUST11417,SBIC,0.00033646467884608977,SANCTIONED PERSON 1,OK
CUST11428,"SINO MACHINERY CO., LTD",0.00033646467884608977,SANCTIONED PERSON 1,OK
CUST11451,STATE ENTERPRISE 'SEVASTOPOL COMMERCIAL SEAPORT',0.0027503120714242177,SANCTIONED PERSON 1,OK
CUST11457,SVERDLOV STATE-OWNED ENTERPRISE,0.0027503120714242177,SANCTIONED PERSON 1,OK
CUST11458,SEDOV ALEXEI SEMENOVICH,0.00033646467884608977,SANCTIONED PERSON 1,OK
CUST11462,SIKORSKIY ARTEM IGOREVICH,0.00033646467884608977,SANCTIONED PERSON 1,OK
CUST11468,SALPAGAROV AKHMAT ANZOROVICH,0.00033646467884608977,SANCTIONED PERSON 1,OK
CUST11505,STATE UNITARY ENTERPRISE OF THE 'REPUBLIC OF CRIMEA' 'SPARKLING WINE PLANT NOVY SVET',0.00033646467884608977,SANCTIONED PERSON 1,OK
CUST11516,SAAD RAFE'A ABU,0.00033646467884608977,SANCTIONED PERSON 1,OK
CUST11519,STANISHLAUCHYK VIKTOR IVANOVICH,0.0027503120714242177,SANCTIONED PERSON 1,OK
CUST11524,SAHAB QARI,0.00033646467884608977,SANCTIONED PERSON 1,OK
CUST11530,SHaRVIT MOSHe,0.00033646467884608977,SANCTIONED PERSON 1,OK
CUST11531,SOK MIN CHOE,0.00033646467884608977,SANCTIONED PERSON 1,OK
CUST11567,SAAD RAFE'A ABU,0.00033646467884608977,SANCTIONED PERSON 1,OK
CUST11586,SUNDUQ AL MASHREK AL ISTITHMARI,0.0027503120714242177,SANCTIONED PERSON 1,OK
CUST11604,SHIN KUM-CHOL,0.0027503120714242177,SANCTIONED PERSON 1,OK
CUST11630,SIROVaTKO YURIY NIKOLAeVICH,0.00033646467884608977,SANCTIONED PERSON 1,OK
CUST11656,SURKOV VLADISLAV YURIEVICH,0.00033646467884608977,SANCTIONED PERSON 1,OK
CUST11662,SYAIFUDIN UDTADZ,0.00033646467884608977,SANCTIONED PERSON 1,OK
CUST11684,SOLDIERS OF THE CALIPHATE IN ALGERIA,0.00033646467884608977,SANCTIONED PERSON 1,OK
CUST11704,SELF SUFFICIENCY JIHAD ORGANIZATION,0.00033646467884608977,SANCTIONED PERSON 1,OK
CUST11712,SIVOKONENKO YURIY,0.00033646467884608977,SANCTIONED PERSON 1,OK
CUST11738,SPO,0.00033646467884608977,SANCTIONED PERSON 1,OK
CUST11744,SLYZHEVSKIY OLEG LEONIDOVICH,0.0027503120714242177,SANCTIONED PERSON 1,OK
CUST11746,STEP S.A.,0.00033646467884608977,SANCTIONED PERSON 1,OK
CUST11769,SARKEES NADHEERA FARAH,0.00033646467884608977,SANCTIONED PERSON 1,OK
CUST11771,SANATI DARYAEE IRAN,0.00033646467884608977,SANCTIONED PERSON 1,OK
CUST11779,STEPANOV VLADLEN YURIEVICH,0.00033646467884608977,SANCTIONED PERSON 1,OK
CUST11791,SAID SAID,0.0027503120714242177,SANCTIONED PERSON 1,OK
CUST11793,STEP STANDART TEKNIK PARCA SAN. TIC. AS,0.00033646467884608977,SANCTIONED PERSON 1,OK
CUST11805,SAHIB HANAFI,0.00033646467884608977,SANCTIONED PERSON 1,OK
CUST11810,SHeYNIN aRTYOM GRIGORYEVICH,0.00033646467884608977,SANCTIONED PERSON 1,OK
CUST11822,SALAVATI ABULGHASEM,0.00033646467884608977,SANCTIONED PERSON 1,OK
CUST11831,SEMYONOV VALERY VLADIMIROVICH,0.00033646467884608977,SANCTIONED PERSON 1,OK
CUST11842,SELEZNEV KIRILL GENNADIEVICH,0.00033646467884608977,SANCTIONED PERSON 1,OK
CUST11843,SUK VITALIY ALEKSANDROVICH,0.00033646467884608977,SANCTIONED PERSON 1,OK
CUST11849,SHEYMAN VIKTOR VLADIMIROVICH,0.00033646467884608977,SANCTIONED PERSON 1,OK
CUST11863,SUWAID JOSEPH,0.0027503120714242177,SANCTIONED PERSON 1,OK
CUST11865,SAPICO,0.00033646467884608977,SANCTIONED PERSON 1,OK
CUST11879,SALAMEH ADIB NIMR,0.00033646467884608977,SANCTIONED PERSON 1,OK
CUST11881,SALMAN ABU,0.00033646467884608977,SANCTIONED PERSON 1,OK
CUST11885,SOURI HOJATOLLAH,0.00033646467884608977,SANCTIONED PERSON 1,OK
CUST11886,SALAS GERMAN ENRIQUE RUBIO,0.00033646467884608977,SANCTIONED PERSON 1,OK
CUST11888,SOTONIKOV OLEG MIKHAYLOVICH,0.0027503120714242177,SANCTIONED PERSON 1,OK
CUST11894,SHVIDLER EUGENE MARKOVICH,0.00033646467884608977,SANCTIONED PERSON 1,OK
CUST11897,SIVAK ANATOLI ALEKSANDROVICH,0.00033646467884608977,SANCTIONED PERSON 1,OK
CUST11904,SLIZHEUSKIY OLEG LEONIDOVICH,0.0027503120714242177,SANCTIONED PERSON 1,OK
CUST11906,SAVELOV VLADIMIR VLADIMIROVICH,0.00033646467884608977,SANCTIONED PERSON 1,OK
CUST11918,SALAME RIAD,0.0027503120714242177,SANCTIONED PERSON 1,OK
CUST11925,SALEHI ALI,0.0027503120714242177,SANCTIONED PERSON 1,OK
CUST11927,SELIVANOVA ANASTASIA YURIEVNA,0.00033646467884608977,SANCTIONED PERSON 1,OK
CUST11934,SHESHENYA ALEKSEY NIKOLAYEVICH,0.00033646467884608977,SANCTIONED PERSON 1,OK
CUST11944,SHEININ ARTEM,0.0027503120714242177,SANCTIONED PERSON 1,OK
CUST11967,SALWWAN SAMIR,0.00033646467884608977,SANCTIONED PERSON 1,OK
CUST11969,SIRHAN HALA,0.00033646467884608977,SANCTIONED PERSON 1,OK
CUST11971,SALAMA MOHAMMED ADIB,0.00033646467884608977,SANCTIONED PERSON 1,OK
CUST11973,SARANOVA JULIA VLADIMIROVNA,0.0027503120714242177,SANCTIONED PERSON 1,OK
CUST11975,SHVYTKIN YURY NIKOLAEVICH,0.00033646467884608977,SANCTIONED PERSON 1,OK
CUST11979,SHUBIN IGOR NIKOLAEVICH,0.0027503120714242177,SANCTIONED PERSON 1,OK
CUST11989,SEPARATE ARTILLERY BRIGADE OF THE 1ST ARMY CORPS,0.00033646467884608977,SANCTIONED PERSON 1,OK
CUST12008,"SHANGHAI NEWGEIS INTERNATIONAL LOGISTICS CO., LTD",0.00033646467884608977,SANCTIONED PERSON 1,OK
CUST12027,SKOCH VARVARA,0.0027503120714242177,SANCTIONED PERSON 1,OK
CUST12028,SABINOV ANDREY,0.0027503120714242177,SANCTIONED PERSON 1,OK
CUST12029,"SHANGHAI NEWGEIS INTERNATIONAL LOGISTICS CO., LTD",0.00033646467884608977,SANCTIONED PERSON 1,OK
CUST12034,STROYGAZMONTAZH CORPORATION (SGM GROUP),0.00033646467884608977,SANCTIONED PERSON 1,OK
CUST12038,SWAN ENERGY COMPANY,0.0027503120714242177,SANCTIONED PERSON 1,OK
CUST12042,SLOBODSKOY DMITRY ALEKSEYEVICH,0.0027503120714242177,SANCTIONED PERSON 1,OK
CUST12043,SHABAAB,0.00033646467884608977,SANCTIONED PERSON 1,OK
CUST12047,SHEPELEU ALEXANDER SVYATOSLAVOVICH,0.0027503120714242177,SANCTIONED PERSON 1,OK
CUST12049,SAAM KHAN AMIN MUHAMMAD UL HAQ,0.0027503120714242177,SANCTIONED PERSON 1,OK
CUST12053,SWAN ENERGY COMPANY LIMITED,0.00033646467884608977,SANCTIONED PERSON 1,OK
CUST12063,SMART TRADING TASIMACILIK SANAYI VE TICARET LIMITED SIRKETI,0.00033646467884608977,SANCTIONED PERSON 1,OK
CUST12088,SARKEES NAZIRA FARAH,0.0027503120714242177,SANCTIONED PERSON 1,OK
CUST12102,SELEZNEV KIRILL GENNADIEVICH,0.00033646467884608977,SANCTIONED PERSON 1,OK
CUST12105,SALIM AHMED FUAD,0.0027503120714242177,SANCTIONED PERSON 1,OK
CUST12119,SHIN GEUM-CHEOL,0.0027503120714242177,SANCTIONED PERSON 1,OK
CUST12143,SAHIB HAJI MULLAH,0.00033646467884608977,SANCTIONED PERSON 1,OK
CUST12155,"SHENZHEN JUHANG INTERNATIONAL WULIU CO., LTD.",0.00033646467884608977,SANCTIONED PERSON 1,OK
CUST12158,SHAMSHIRI ALI,0.00033646467884608977,SANCTIONED PERSON 1,OK
CUST12164,SHEVCHENKO IGOR SERGEIVICH,0.00033646467884608977,SANCTIONED PERSON 1,OK
CUST12173,SCIENTIFIC STUDIES AND RESEARCH CENTRE (SSRC),0.00033646467884608977,SANCTIONED PERSON 1,OK
CUST12192,SIKORSKIY ARTEM IGOREVICH,0.00033646467884608977,SANCTIONED PERSON 1,OK
CUST12207,SYCHEVOY ANDREY IVANOVICH,0.00033646467884608977,SANCTIONED PERSON 1,OK
CUST12208,STANISLAVCHIK VIKTOR IVANOVICH,0.00033646467884608977,SANCTIONED PERSON 1,OK
CUST12212,STATE UNITARY ENTERPRISE OF THE 'REPUBLIC OF CRIMEA' 'UNIVERSAL-AVIA',0.00033646467884608977,SANCTIONED PERSON 1,OK
CUST12218,SAYYARI HABIBOLLAH,0.00033646467884608977,SANCTIONED PERSON 1,OK
CUST12227,SETA ABU,0.00033646467884608977,SANCTIONED PERSON 1,OK
CUST12228,SIRHAN HALAH,0.0027503120714242177,SANCTIONED PERSON 1,OK
CUST12231,SIDOROV ANATOLIY ALEKSEEVICH,0.0027503120714242177,SANCTIONED PERSON 1,OK
CUST12251,SANAM INDUSTRIAL COMPANY,0.0027503120714242177,SANCTIONED PERSON 1,OK
CUST12257,SHAHID BEHESHTI UNIVERSITY,0.00033646467884608977,SANCTIONED PERSON 1,OK
CUST12267,SANTOS III (THIRD) HILARION DEL ROSARIO,0.00033646467884608977,SANCTIONED PERSON 1,OK
CUST12275,SHEBEL LUNA,0.00033646467884608977,SANCTIONED PERSON 1,OK
CUST12278,SARAGBA ALFRED,0.0027503120714242177,SANCTIONED PERSON 1,OK
CUST12317,SOROKIN PAVEL,0.00033646467884608977,SANCTIONED PERSON 1,OK
CUST12324,SCHILLER NOVIN CO.,0.00033646467884608977,SANCTIONED PERSON 1,OK
CUST12329,SO-CALLED 'LUGANSK PEOPLE'S REPUBLIC',0.0027503120714242177,SANCTIONED PERSON 1,OK
CUST12340,SHaRIFF ABU MAKABURI,0.00033646467884608977,SANCTIONED PERSON 1,OK
CUST12342,SHUVALOV VADIM NIKOLAEVICH,0.00033646467884608977,SANCTIONED PERSON 1,OK
CUST12392,SPECIAL RESPONSE UNIT CHECHNYA,0.00033646467884608977,SANCTIONED PERSON 1,OK
CUST12400,SaHIRUN RADULAN,0.00033646467884608977,SANCTIONED PERSON 1,OK
CUST12401,SENDERO LUMINOSO (SL),0.00033646467884608977,SANCTIONED PERSON 1,OK
CUST12402,SMP BANK AO,0.00033646467884608977,SANCTIONED PERSON 1,OK
CUST12412,SO TONG MYONG,0.00033646467884608977,SANCTIONED PERSON 1,OK
CUST12421,SHARONOV ANDREY VLADIMIROVICH,0.0027503120714242177,SANCTIONED PERSON 1,OK
CUST12426,SEVER,0.00033646467884608977,SANCTIONED PERSON 1,OK
CUST12449,SALEM AHMED,0.0027503120714242177,SANCTIONED PERSON 1,OK
CUST12468,SHARIF AMMAR MEDHAT,0.00033646467884608977,SANCTIONED PERSON 1,OK
CUST12513,SKYPARTS INC OU,0.0027503120714242177,SANCTIONED PERSON 1,OK
CUST12515,SECHIN IVAN IGOREVICH,0.0027503120714242177,SANCTIONED PERSON 1,OK
CUST12532,SHAH NAWAZ RAHMATULLAH,0.00033646467884608977,SANCTIONED PERSON 1,OK
CUST12550,SHaDAYeV MAXUT,0.00033646467884608977,SANCTIONED PERSON 1,OK
CUST12551,SON CHOL-JU,0.00033646467884608977,SANCTIONED PERSON 1,OK
CUST12576,SOLDIERS OF THE CALIPHATE IN ALGERIA,0.00033646467884608977,SANCTIONED PERSON 1,OK
CUST12584,STAFF,0.00033646467884608977,SANCTIONED PERSON 1,OK
CUST12592,SOK HA HWANG,0.00033646467884608977,SANCTIONED PERSON 1,OK
CUST12598,SHEPELEV ALEXANDER SVYATOSLAVOVICH,0.00033646467884608977,SANCTIONED PERSON 1,OK
CUST12616,SEMIGIN GENNADY YURIEVICH,0.00033646467884608977,SANCTIONED PERSON 1,OK
CUST12617,STRUCTURA NATIONAL TECHNOLOGY,0.0027503120714242177,SANCTIONED PERSON 1,OK
CUST12625,STATE SCIENTIFIC RESEARCH INSTITUTE OF GRAPHITE (NII GRAFIT),0.00033646467884608977,SANCTIONED PERSON 1,OK
CUST12645,SHAHID MARTYR BEHESHTI UNIVERSITY,0.00033646467884608977,SANCTIONED PERSON 1,OK
CUST12679,SLUTSKI LEONID EDUARDOVICH,0.0027503120714242177,SANCTIONED PERSON 1,OK
CUST12682,SKAKOVSKAYA LYUDMILA NIKOLAYEVNA,0.0027503120714242177,SANCTIONED PERSON 1,OK
CUST12692,SARANOVA JULIA VLADIMIROVNA,0.00033646467884608977,SANCTIONED PERSON 1,OK
CUST12702,SHEPELEV ALIAKSANDR SVIATASLAVAVICH,0.00033646467884608977,SANCTIONED PERSON 1,OK
CUST12722,SOBOLEV IGOR VITALYEVICH,0.00033646467884608977,SANCTIONED PERSON 1,OK
CUST12738,SHEVTSOVA TATIANA VIKTOROVNA,0.00033646467884608977,SANCTIONED PERSON 1,OK
CUST12746,"SHANGHAI NEW GEAR INTERNATIONAL LOGISTICS CO., LTD",0.00033646467884608977,SANCTIONED PERSON 1,OK
CUST12764,STRELYUHIN ALEXANDER MIKHAILOVICH,0.00033646467884608977,SANCTIONED PERSON 1,OK
CUST12793,SELEZNEV KIRILL GENNADIEVICH,0.0027503120714242177,SANCTIONED PERSON 1,OK
CUST12796,STRONITIUM,0.00033646467884608977,SANCTIONED PERSON 1,OK
CUST12798,SON YOUNG-NAM,0.00033646467884608977,SANCTIONED PERSON 1,OK
